territory,year,indicator,value
Abruzzo,2018,accedere_rischio,-0.18
Basilicata,2018,accedere_rischio,-0.182
Calabria,2018,accedere_rischio,-0.791
Campania,2018,accedere_rischio,-1.552
Emilia-Romagna,2018,accedere_rischio,0.689
Friuli-Venezia Giulia,2018,accedere_rischio,0.664
Lazio,2018,accedere_rischio,0.035
Liguria,2018,accedere_rischio,0.176
Lombardia,2018,accedere_rischio,0.332
Marche,2018,accedere_rischio,0.087
Molise,2018,accedere_rischio,0.168
Piemonte,2018,accedere_rischio,0.289
Puglia,2018,accedere_rischio,-0.743
Sardegna,2018,accedere_rischio,-0.562
Sicilia,2018,accedere_rischio,-1.109
Toscana,2018,accedere_rischio,0.57
Trentino-Alto Adige,2018,accedere_rischio,0.666
Umbria,2018,accedere_rischio,0.169
Valle d'Aosta,2018,accedere_rischio,0.439
Veneto,2018,accedere_rischio,0.835
Abruzzo,2018,accedere_servizi,-0.693
Basilicata,2018,accedere_servizi,-0.864
Calabria,2018,accedere_servizi,-0.703
Campania,2018,accedere_servizi,-0.841
Emilia-Romagna,2018,accedere_servizi,0.907
Friuli-Venezia Giulia,2018,accedere_servizi,2.426
Lazio,2018,accedere_servizi,-0.493
Liguria,2018,accedere_servizi,-0.58
Lombardia,2018,accedere_servizi,-0.325
Marche,2018,accedere_servizi,-0.014
Molise,2018,accedere_servizi,-0.703
Piemonte,2018,accedere_servizi,1.345
Puglia,2018,accedere_servizi,-0.666
Sardegna,2018,accedere_servizi,-0.102
Sicilia,2018,accedere_servizi,-0.785
Toscana,2018,accedere_servizi,0.66
Trentino-Alto Adige,2018,accedere_servizi,-0.475
Umbria,2018,accedere_servizi,0.29
Valle d'Aosta,2018,accedere_servizi,0.105
Veneto,2018,accedere_servizi,1.511
Abruzzo,2018,conoscenza_rischio,0.451
Basilicata,2018,conoscenza_rischio,-0.077
Calabria,2018,conoscenza_rischio,-1.372
Campania,2018,conoscenza_rischio,-1.705
Emilia-Romagna,2018,conoscenza_rischio,0.55
Friuli-Venezia Giulia,2018,conoscenza_rischio,0.093
Lazio,2018,conoscenza_rischio,1.043
Liguria,2018,conoscenza_rischio,-0.044
Lombardia,2018,conoscenza_rischio,0.561
Marche,2018,conoscenza_rischio,0.993
Molise,2018,conoscenza_rischio,0.416
Piemonte,2018,conoscenza_rischio,0.342
Puglia,2018,conoscenza_rischio,-1.602
Sardegna,2018,conoscenza_rischio,-0.82
Sicilia,2018,conoscenza_rischio,-1.76
Toscana,2018,conoscenza_rischio,0.397
Trentino-Alto Adige,2018,conoscenza_rischio,0.937
Umbria,2018,conoscenza_rischio,1.038
Valle d'Aosta,2018,conoscenza_rischio,0.2
Veneto,2018,conoscenza_rischio,0.361
Abruzzo,2018,conoscenza_servizi,1.178
Basilicata,2018,conoscenza_servizi,-0.572
Calabria,2018,conoscenza_servizi,-0.553
Campania,2018,conoscenza_servizi,-0.941
Emilia-Romagna,2018,conoscenza_servizi,0.304
Friuli-Venezia Giulia,2018,conoscenza_servizi,1.516
Lazio,2018,conoscenza_servizi,0.616
Liguria,2018,conoscenza_servizi,-0.572
Lombardia,2018,conoscenza_servizi,-0.238
Marche,2018,conoscenza_servizi,0.048
Molise,2018,conoscenza_servizi,1.253
Piemonte,2018,conoscenza_servizi,-0.584
Puglia,2018,conoscenza_servizi,-0.977
Sardegna,2018,conoscenza_servizi,-0.401
Toscana,2018,conoscenza_servizi,1.592
Trentino-Alto Adige,2018,conoscenza_servizi,1.681
Umbria,2018,conoscenza_servizi,0.408
Valle d'Aosta,2018,conoscenza_servizi,-1.388
Veneto,2018,conoscenza_servizi,-0.615
Abruzzo,2018,cura_rischio,-0.219
Basilicata,2018,cura_rischio,-0.053
Calabria,2018,cura_rischio,-0.252
Campania,2018,cura_rischio,-1.712
Emilia-Romagna,2018,cura_rischio,0.278
Friuli-Venezia Giulia,2018,cura_rischio,0.263
Lazio,2018,cura_rischio,-0.451
Liguria,2018,cura_rischio,0.225
Lombardia,2018,cura_rischio,0.489
Marche,2018,cura_rischio,0.043
Molise,2018,cura_rischio,0.204
Piemonte,2018,cura_rischio,0.337
Puglia,2018,cura_rischio,-0.656
Sardegna,2018,cura_rischio,0.012
Sicilia,2018,cura_rischio,-1.058
Toscana,2018,cura_rischio,0.147
Trentino-Alto Adige,2018,cura_rischio,1.067
Umbria,2018,cura_rischio,0.235
Valle d'Aosta,2018,cura_rischio,0.528
Veneto,2018,cura_rischio,0.574
Abruzzo,2018,cura_servizi,-0.164
Basilicata,2018,cura_servizi,-0.125
Calabria,2018,cura_servizi,-0.852
Campania,2018,cura_servizi,-1.003
Emilia-Romagna,2018,cura_servizi,1.593
Friuli-Venezia Giulia,2018,cura_servizi,-0.419
Lazio,2018,cura_servizi,-0.055
Liguria,2018,cura_servizi,0.051
Lombardia,2018,cura_servizi,-0.134
Marche,2018,cura_servizi,-0.505
Molise,2018,cura_servizi,-0.493
Piemonte,2018,cura_servizi,0.222
Puglia,2018,cura_servizi,-0.174
Sardegna,2018,cura_servizi,0.079
Sicilia,2018,cura_servizi,-0.011
Toscana,2018,cura_servizi,0.096
Trentino-Alto Adige,2018,cura_servizi,0.433
Umbria,2018,cura_servizi,0.448
Valle d'Aosta,2018,cura_servizi,0.634
Veneto,2018,cura_servizi,0.38
Abruzzo,2018,lavorare_rischio,-0.198
Basilicata,2018,lavorare_rischio,-0.333
Calabria,2018,lavorare_rischio,-1.735
Campania,2018,lavorare_rischio,-1.764
Emilia-Romagna,2018,lavorare_rischio,0.866
Friuli-Venezia Giulia,2018,lavorare_rischio,0.824
Lazio,2018,lavorare_rischio,0.001
Liguria,2018,lavorare_rischio,0.551
Lombardia,2018,lavorare_rischio,0.698
Marche,2018,lavorare_rischio,0.646
Molise,2018,lavorare_rischio,-0.596
Piemonte,2018,lavorare_rischio,0.489
Puglia,2018,lavorare_rischio,-0.978
Sardegna,2018,lavorare_rischio,-0.762
Sicilia,2018,lavorare_rischio,-1.797
Toscana,2018,lavorare_rischio,0.63
Trentino-Alto Adige,2018,lavorare_rischio,1.418
Umbria,2018,lavorare_rischio,0.413
Valle d'Aosta,2018,lavorare_rischio,0.716
Veneto,2018,lavorare_rischio,0.913
Abruzzo,2018,lavorare_servizi,-0.8
Basilicata,2018,lavorare_servizi,-0.74
Calabria,2018,lavorare_servizi,-0.863
Campania,2018,lavorare_servizi,-0.897
Emilia-Romagna,2018,lavorare_servizi,3.444
Friuli-Venezia Giulia,2018,lavorare_servizi,0.094
Lazio,2018,lavorare_servizi,-0.509
Liguria,2018,lavorare_servizi,0.512
Lombardia,2018,lavorare_servizi,-0.369
Marche,2018,lavorare_servizi,-0.543
Molise,2018,lavorare_servizi,-0.434
Piemonte,2018,lavorare_servizi,0.235
Puglia,2018,lavorare_servizi,-0.546
Sardegna,2018,lavorare_servizi,0.839
Sicilia,2018,lavorare_servizi,-0.047
Toscana,2018,lavorare_servizi,-0.407
Trentino-Alto Adige,2018,lavorare_servizi,-0.92
Umbria,2018,lavorare_servizi,0.859
Valle d'Aosta,2018,lavorare_servizi,-0.105
Veneto,2018,lavorare_servizi,1.197
Abruzzo,2018,ricevere_cura_servizi,-0.398
Basilicata,2018,ricevere_cura_servizi,-0.443
Calabria,2018,ricevere_cura_servizi,-0.618
Campania,2018,ricevere_cura_servizi,-1.193
Emilia-Romagna,2018,ricevere_cura_servizi,0.55
Friuli-Venezia Giulia,2018,ricevere_cura_servizi,0.104
Lazio,2018,ricevere_cura_servizi,-0.439
Liguria,2018,ricevere_cura_servizi,1.364
Lombardia,2018,ricevere_cura_servizi,-0.212
Marche,2018,ricevere_cura_servizi,-0.153
Molise,2018,ricevere_cura_servizi,-0.571
Piemonte,2018,ricevere_cura_servizi,0.772
Puglia,2018,ricevere_cura_servizi,-0.658
Sardegna,2018,ricevere_cura_servizi,0.347
Sicilia,2018,ricevere_cura_servizi,-0.182
Toscana,2018,ricevere_cura_servizi,0.386
Trentino-Alto Adige,2018,ricevere_cura_servizi,0.126
Umbria,2018,ricevere_cura_servizi,0.616
Valle d'Aosta,2018,ricevere_cura_servizi,0.256
Veneto,2018,ricevere_cura_servizi,0.347
Abruzzo,2018,vita_sana_rischio,0.113
Basilicata,2018,vita_sana_rischio,0.066
Calabria,2018,vita_sana_rischio,-0.2
Campania,2018,vita_sana_rischio,-0.386
Emilia-Romagna,2018,vita_sana_rischio,0.068
Friuli-Venezia Giulia,2018,vita_sana_rischio,0.526
Lazio,2018,vita_sana_rischio,0.174
Liguria,2018,vita_sana_rischio,0.505
Lombardia,2018,vita_sana_rischio,0.219
Marche,2018,vita_sana_rischio,-1.078
Molise,2018,vita_sana_rischio,0.461
Piemonte,2018,vita_sana_rischio,-0.181
Puglia,2018,vita_sana_rischio,-0.019
Sardegna,2018,vita_sana_rischio,-0.585
Sicilia,2018,vita_sana_rischio,0.065
Toscana,2018,vita_sana_rischio,-0.503
Trentino-Alto Adige,2018,vita_sana_rischio,0.905
Umbria,2018,vita_sana_rischio,-0.317
Valle d'Aosta,2018,vita_sana_rischio,-0.494
Veneto,2018,vita_sana_rischio,0.661
Abruzzo,2018,vita_sana_servizi_bambini,0.553
Basilicata,2018,vita_sana_servizi_bambini,-0.638
Calabria,2018,vita_sana_servizi_bambini,0.164
Campania,2018,vita_sana_servizi_bambini,-0.449
Emilia-Romagna,2018,vita_sana_servizi_bambini,0.147
Friuli-Venezia Giulia,2018,vita_sana_servizi_bambini,-0.695
Lazio,2018,vita_sana_servizi_bambini,0.733
Liguria,2018,vita_sana_servizi_bambini,-0.046
Lombardia,2018,vita_sana_servizi_bambini,-0.535
Marche,2018,vita_sana_servizi_bambini,-0.271
Molise,2018,vita_sana_servizi_bambini,-0.118
Piemonte,2018,vita_sana_servizi_bambini,-0.825
Puglia,2018,vita_sana_servizi_bambini,0.22
Sardegna,2018,vita_sana_servizi_bambini,1.593
Sicilia,2018,vita_sana_servizi_bambini,0.473
Toscana,2018,vita_sana_servizi_bambini,0.385
Trentino-Alto Adige,2018,vita_sana_servizi_bambini,-0.441
Umbria,2018,vita_sana_servizi_bambini,0.344
Valle d'Aosta,2018,vita_sana_servizi_bambini,-0.054
Veneto,2018,vita_sana_servizi_bambini,-0.54
Abruzzo,2018,vita_sana_servizi_maltratt,0.076
Basilicata,2018,vita_sana_servizi_maltratt,-0.495
Calabria,2018,vita_sana_servizi_maltratt,-1.06
Campania,2018,vita_sana_servizi_maltratt,-1.051
Emilia-Romagna,2018,vita_sana_servizi_maltratt,0.017
Friuli-Venezia Giulia,2018,vita_sana_servizi_maltratt,-0.315
Lazio,2018,vita_sana_servizi_maltratt,-0.615
Liguria,2018,vita_sana_servizi_maltratt,1.499
Lombardia,2018,vita_sana_servizi_maltratt,-0.039
Marche,2018,vita_sana_servizi_maltratt,0.782
Molise,2018,vita_sana_servizi_maltratt,0.074
Piemonte,2018,vita_sana_servizi_maltratt,0.227
Puglia,2018,vita_sana_servizi_maltratt,-0.26
Sardegna,2018,vita_sana_servizi_maltratt,-0.037
Sicilia,2018,vita_sana_servizi_maltratt,-0.761
Toscana,2018,vita_sana_servizi_maltratt,0.55
Trentino-Alto Adige,2018,vita_sana_servizi_maltratt,-0.303
Umbria,2018,vita_sana_servizi_maltratt,0.432
Valle d'Aosta,2018,vita_sana_servizi_maltratt,0.85
Veneto,2018,vita_sana_servizi_maltratt,0.429
Abruzzo,2018,vita_sana_sintomi,-0.728
Basilicata,2018,vita_sana_sintomi,-0.801
Calabria,2018,vita_sana_sintomi,-0.009
Campania,2018,vita_sana_sintomi,-0.668
Emilia-Romagna,2018,vita_sana_sintomi,0.381
Friuli-Venezia Giulia,2018,vita_sana_sintomi,0.721
Lazio,2018,vita_sana_sintomi,0.515
Liguria,2018,vita_sana_sintomi,0.076
Lombardia,2018,vita_sana_sintomi,0.146
Marche,2018,vita_sana_sintomi,0.519
Molise,2018,vita_sana_sintomi,-0.691
Piemonte,2018,vita_sana_sintomi,0.328
Puglia,2018,vita_sana_sintomi,-0.983
Sardegna,2018,vita_sana_sintomi,-0.839
Sicilia,2018,vita_sana_sintomi,-0.683
Toscana,2018,vita_sana_sintomi,0.492
Trentino-Alto Adige,2018,vita_sana_sintomi,0.862
Umbria,2018,vita_sana_sintomi,0.203
Valle d'Aosta,2018,vita_sana_sintomi,0.746
Veneto,2018,vita_sana_sintomi,0.413
Abruzzo,2018,vita_sicura_rischio,-0.46
Basilicata,2018,vita_sicura_rischio,-0.078
Calabria,2018,vita_sicura_rischio,-0.42
Campania,2018,vita_sicura_rischio,-1.113
Emilia-Romagna,2018,vita_sicura_rischio,0.16
Friuli-Venezia Giulia,2018,vita_sicura_rischio,0.679
Lazio,2018,vita_sicura_rischio,-0.447
Liguria,2018,vita_sicura_rischio,0.164
Lombardia,2018,vita_sicura_rischio,0.499
Marche,2018,vita_sicura_rischio,0.087
Molise,2018,vita_sicura_rischio,-0.468
Piemonte,2018,vita_sicura_rischio,0.132
Puglia,2018,vita_sicura_rischio,-0.815
Sardegna,2018,vita_sicura_rischio,0.385
Sicilia,2018,vita_sicura_rischio,-0.417
Toscana,2018,vita_sicura_rischio,-0.03
Trentino-Alto Adige,2018,vita_sicura_rischio,1.071
Umbria,2018,vita_sicura_rischio,-0.192
Valle d'Aosta,2018,vita_sicura_rischio,1.065
Veneto,2018,vita_sicura_rischio,0.198
Abruzzo,2018,vita_sicura_servizi,0.129
Basilicata,2018,vita_sicura_servizi,-0.759
Calabria,2018,vita_sicura_servizi,-0.438
Campania,2018,vita_sicura_servizi,-0.25
Emilia-Romagna,2018,vita_sicura_servizi,1.154
Friuli-Venezia Giulia,2018,vita_sicura_servizi,-0.179
Lazio,2018,vita_sicura_servizi,-0.975
Liguria,2018,vita_sicura_servizi,0.293
Lombardia,2018,vita_sicura_servizi,-0.643
Marche,2018,vita_sicura_servizi,0.654
Molise,2018,vita_sicura_servizi,-0.579
Piemonte,2018,vita_sicura_servizi,-0.831
Puglia,2018,vita_sicura_servizi,-0.588
Sardegna,2018,vita_sicura_servizi,0.341
Sicilia,2018,vita_sicura_servizi,0.444
Toscana,2018,vita_sicura_servizi,0.003
Trentino-Alto Adige,2018,vita_sicura_servizi,-0.324
Umbria,2018,vita_sicura_servizi,0.782
Valle d'Aosta,2018,vita_sicura_servizi,0.968
Veneto,2018,vita_sicura_servizi,0.798
Abruzzo,2019,accedere_rischio,-0.776
Basilicata,2019,accedere_rischio,-0.271
Calabria,2019,accedere_rischio,-0.854
Campania,2019,accedere_rischio,-1.156
Emilia-Romagna,2019,accedere_rischio,0.842
Friuli-Venezia Giulia,2019,accedere_rischio,0.733
Lazio,2019,accedere_rischio,-0.021
Liguria,2019,accedere_rischio,-0.067
Lombardia,2019,accedere_rischio,0.446
Marche,2019,accedere_rischio,0.096
Molise,2019,accedere_rischio,0.234
Piemonte,2019,accedere_rischio,0.18
Puglia,2019,accedere_rischio,-0.872
Sardegna,2019,accedere_rischio,-0.769
Sicilia,2019,accedere_rischio,-1.166
Toscana,2019,accedere_rischio,0.774
Trentino-Alto Adige,2019,accedere_rischio,0.914
Umbria,2019,accedere_rischio,0.362
Valle d'Aosta,2019,accedere_rischio,0.517
Veneto,2019,accedere_rischio,0.855
Abruzzo,2019,accedere_servizi,-0.635
Basilicata,2019,accedere_servizi,-0.725
Calabria,2019,accedere_servizi,-0.624
Campania,2019,accedere_servizi,-0.741
Emilia-Romagna,2019,accedere_servizi,1.062
Friuli-Venezia Giulia,2019,accedere_servizi,1.552
Lazio,2019,accedere_servizi,-0.132
Liguria,2019,accedere_servizi,-0.596
Lombardia,2019,accedere_servizi,0.095
Marche,2019,accedere_servizi,-0.167
Molise,2019,accedere_servizi,-0.502
Piemonte,2019,accedere_servizi,0.566
Puglia,2019,accedere_servizi,-0.649
Sardegna,2019,accedere_servizi,-0.39
Sicilia,2019,accedere_servizi,-0.808
Toscana,2019,accedere_servizi,-0.182
Trentino-Alto Adige,2019,accedere_servizi,2.3
Umbria,2019,accedere_servizi,-0.243
Valle d'Aosta,2019,accedere_servizi,-0.649
Veneto,2019,accedere_servizi,1.47
Abruzzo,2019,conoscenza_rischio,0.519
Basilicata,2019,conoscenza_rischio,-0.132
Calabria,2019,conoscenza_rischio,-1.783
Campania,2019,conoscenza_rischio,-1.714
Emilia-Romagna,2019,conoscenza_rischio,0.561
Friuli-Venezia Giulia,2019,conoscenza_rischio,0.486
Lazio,2019,conoscenza_rischio,1.143
Liguria,2019,conoscenza_rischio,0.106
Lombardia,2019,conoscenza_rischio,0.855
Marche,2019,conoscenza_rischio,0.755
Molise,2019,conoscenza_rischio,-0.023
Piemonte,2019,conoscenza_rischio,0.438
Puglia,2019,conoscenza_rischio,-1.53
Sardegna,2019,conoscenza_rischio,-0.764
Sicilia,2019,conoscenza_rischio,-1.895
Toscana,2019,conoscenza_rischio,0.286
Trentino-Alto Adige,2019,conoscenza_rischio,0.828
Umbria,2019,conoscenza_rischio,1.04
Valle d'Aosta,2019,conoscenza_rischio,0.437
Veneto,2019,conoscenza_rischio,0.388
Abruzzo,2019,conoscenza_servizi,-1.161
Basilicata,2019,conoscenza_servizi,0.461
Calabria,2019,conoscenza_servizi,-0.926
Campania,2019,conoscenza_servizi,-0.972
Emilia-Romagna,2019,conoscenza_servizi,0.846
Friuli-Venezia Giulia,2019,conoscenza_servizi,1.42
Lazio,2019,conoscenza_servizi,1.262
Liguria,2019,conoscenza_servizi,0.513
Lombardia,2019,conoscenza_servizi,-0.459
Marche,2019,conoscenza_servizi,-0.688
Molise,2019,conoscenza_servizi,1.414
Piemonte,2019,conoscenza_servizi,-0.75
Puglia,2019,conoscenza_servizi,-1.71
Sardegna,2019,conoscenza_servizi,0.568
Sicilia,2019,conoscenza_servizi,-1.782
Toscana,2019,conoscenza_servizi,1.318
Trentino-Alto Adige,2019,conoscenza_servizi,0.62
Umbria,2019,conoscenza_servizi,0.411
Valle d'Aosta,2019,conoscenza_servizi,-0.288
Veneto,2019,conoscenza_servizi,-0.096
Abruzzo,2019,cura_rischio,-0.207
Basilicata,2019,cura_rischio,0.016
Calabria,2019,cura_rischio,-0.242
Campania,2019,cura_rischio,-1.647
Emilia-Romagna,2019,cura_rischio,0.403
Friuli-Venezia Giulia,2019,cura_rischio,0.417
Lazio,2019,cura_rischio,-0.27
Liguria,2019,cura_rischio,0.214
Lombardia,2019,cura_rischio,0.458
Marche,2019,cura_rischio,0.216
Molise,2019,cura_rischio,0.234
Piemonte,2019,cura_rischio,0.393
Puglia,2019,cura_rischio,-0.806
Sardegna,2019,cura_rischio,0.043
Sicilia,2019,cura_rischio,-1.224
Toscana,2019,cura_rischio,0.237
Trentino-Alto Adige,2019,cura_rischio,1.012
Umbria,2019,cura_rischio,0.038
Valle d'Aosta,2019,cura_rischio,0.11
Veneto,2019,cura_rischio,0.605
Abruzzo,2019,cura_servizi,-0.282
Basilicata,2019,cura_servizi,-0.068
Calabria,2019,cura_servizi,-0.902
Campania,2019,cura_servizi,-0.906
Emilia-Romagna,2019,cura_servizi,1.571
Friuli-Venezia Giulia,2019,cura_servizi,-0.305
Lazio,2019,cura_servizi,-0.111
Liguria,2019,cura_servizi,0.078
Lombardia,2019,cura_servizi,-0.048
Marche,2019,cura_servizi,-0.318
Molise,2019,cura_servizi,-0.497
Piemonte,2019,cura_servizi,0.388
Puglia,2019,cura_servizi,-0.162
Sardegna,2019,cura_servizi,-0.036
Sicilia,2019,cura_servizi,-0.161
Toscana,2019,cura_servizi,-0.015
Trentino-Alto Adige,2019,cura_servizi,0.258
Umbria,2019,cura_servizi,0.421
Valle d'Aosta,2019,cura_servizi,0.634
Veneto,2019,cura_servizi,0.46
Abruzzo,2019,lavorare_rischio,-0.261
Basilicata,2019,lavorare_rischio,-0.364
Calabria,2019,lavorare_rischio,-1.807
Campania,2019,lavorare_rischio,-1.686
Emilia-Romagna,2019,lavorare_rischio,0.949
Friuli-Venezia Giulia,2019,lavorare_rischio,0.712
Lazio,2019,lavorare_rischio,-0.026
Liguria,2019,lavorare_rischio,0.427
Lombardia,2019,lavorare_rischio,0.754
Marche,2019,lavorare_rischio,0.465
Molise,2019,lavorare_rischio,-0.716
Piemonte,2019,lavorare_rischio,0.477
Puglia,2019,lavorare_rischio,-0.706
Sardegna,2019,lavorare_rischio,-0.787
Sicilia,2019,lavorare_rischio,-1.689
Toscana,2019,lavorare_rischio,0.631
Trentino-Alto Adige,2019,lavorare_rischio,1.424
Umbria,2019,lavorare_rischio,0.398
Valle d'Aosta,2019,lavorare_rischio,0.788
Veneto,2019,lavorare_rischio,1.017
Abruzzo,2019,lavorare_servizi,-0.889
Basilicata,2019,lavorare_servizi,-0.649
Calabria,2019,lavorare_servizi,-1.023
Campania,2019,lavorare_servizi,-0.958
Emilia-Romagna,2019,lavorare_servizi,2.063
Friuli-Venezia Giulia,2019,lavorare_servizi,0.569
Lazio,2019,lavorare_servizi,-0.823
Liguria,2019,lavorare_servizi,-0.136
Lombardia,2019,lavorare_servizi,0.801
Marche,2019,lavorare_servizi,-0.775
Molise,2019,lavorare_servizi,1.213
Piemonte,2019,lavorare_servizi,0.456
Puglia,2019,lavorare_servizi,-0.604
Sardegna,2019,lavorare_servizi,1.791
Sicilia,2019,lavorare_servizi,-0.482
Toscana,2019,lavorare_servizi,-0.303
Trentino-Alto Adige,2019,lavorare_servizi,-1.034
Umbria,2019,lavorare_servizi,-0.19
Valle d'Aosta,2019,lavorare_servizi,-0.767
Veneto,2019,lavorare_servizi,1.742
Abruzzo,2019,ricevere_cura_servizi,-0.537
Basilicata,2019,ricevere_cura_servizi,-0.337
Calabria,2019,ricevere_cura_servizi,-0.814
Campania,2019,ricevere_cura_servizi,-1.084
Emilia-Romagna,2019,ricevere_cura_servizi,0.538
Friuli-Venezia Giulia,2019,ricevere_cura_servizi,0.114
Lazio,2019,ricevere_cura_servizi,-0.643
Liguria,2019,ricevere_cura_servizi,1.116
Lombardia,2019,ricevere_cura_servizi,-0.37
Marche,2019,ricevere_cura_servizi,-0.032
Molise,2019,ricevere_cura_servizi,-0.192
Piemonte,2019,ricevere_cura_servizi,0.734
Puglia,2019,ricevere_cura_servizi,-0.67
Sardegna,2019,ricevere_cura_servizi,0.22
Sicilia,2019,ricevere_cura_servizi,-0.216
Toscana,2019,ricevere_cura_servizi,0.46
Trentino-Alto Adige,2019,ricevere_cura_servizi,0.055
Umbria,2019,ricevere_cura_servizi,0.689
Valle d'Aosta,2019,ricevere_cura_servizi,0.512
Veneto,2019,ricevere_cura_servizi,0.458
Abruzzo,2019,vita_sana_rischio,0.178
Basilicata,2019,vita_sana_rischio,-0.138
Calabria,2019,vita_sana_rischio,-0.137
Campania,2019,vita_sana_rischio,-0.384
Emilia-Romagna,2019,vita_sana_rischio,0.177
Friuli-Venezia Giulia,2019,vita_sana_rischio,0.6
Lazio,2019,vita_sana_rischio,0.371
Liguria,2019,vita_sana_rischio,0.228
Lombardia,2019,vita_sana_rischio,0.186
Marche,2019,vita_sana_rischio,-1.001
Molise,2019,vita_sana_rischio,0.573
Piemonte,2019,vita_sana_rischio,-0.366
Puglia,2019,vita_sana_rischio,0.01
Sardegna,2019,vita_sana_rischio,-0.424
Sicilia,2019,vita_sana_rischio,0.198
Toscana,2019,vita_sana_rischio,-0.156
Trentino-Alto Adige,2019,vita_sana_rischio,0.999
Umbria,2019,vita_sana_rischio,-0.769
Valle d'Aosta,2019,vita_sana_rischio,-0.479
Veneto,2019,vita_sana_rischio,0.334
Abruzzo,2019,vita_sana_servizi_bambini,0.68
Basilicata,2019,vita_sana_servizi_bambini,-0.336
Calabria,2019,vita_sana_servizi_bambini,-0.023
Campania,2019,vita_sana_servizi_bambini,-0.769
Emilia-Romagna,2019,vita_sana_servizi_bambini,0.353
Friuli-Venezia Giulia,2019,vita_sana_servizi_bambini,-0.925
Lazio,2019,vita_sana_servizi_bambini,0.384
Liguria,2019,vita_sana_servizi_bambini,-0.175
Lombardia,2019,vita_sana_servizi_bambini,-0.823
Marche,2019,vita_sana_servizi_bambini,-0.486
Molise,2019,vita_sana_servizi_bambini,-0.386
Piemonte,2019,vita_sana_servizi_bambini,-0.929
Puglia,2019,vita_sana_servizi_bambini,0.09
Sardegna,2019,vita_sana_servizi_bambini,1.298
Sicilia,2019,vita_sana_servizi_bambini,0.328
Toscana,2019,vita_sana_servizi_bambini,1.01
Trentino-Alto Adige,2019,vita_sana_servizi_bambini,-0.344
Umbria,2019,vita_sana_servizi_bambini,0.353
Valle d'Aosta,2019,vita_sana_servizi_bambini,1.265
Veneto,2019,vita_sana_servizi_bambini,-0.567
Abruzzo,2019,vita_sana_servizi_maltratt,10.0
Basilicata,2019,vita_sana_servizi_maltratt,14.0
Calabria,2019,vita_sana_servizi_maltratt,20.0
Campania,2019,vita_sana_servizi_maltratt,19.0
Emilia-Romagna,2019,vita_sana_servizi_maltratt,11.0
Friuli-Venezia Giulia,2019,vita_sana_servizi_maltratt,13.0
Lazio,2019,vita_sana_servizi_maltratt,17.0
Liguria,2019,vita_sana_servizi_maltratt,1.0
Lombardia,2019,vita_sana_servizi_maltratt,12.0
Marche,2019,vita_sana_servizi_maltratt,2.0
Molise,2019,vita_sana_servizi_maltratt,8.0
Piemonte,2019,vita_sana_servizi_maltratt,7.0
Puglia,2019,vita_sana_servizi_maltratt,15.0
Sardegna,2019,vita_sana_servizi_maltratt,16.0
Sicilia,2019,vita_sana_servizi_maltratt,18.0
Toscana,2019,vita_sana_servizi_maltratt,5.0
Trentino-Alto Adige,2019,vita_sana_servizi_maltratt,9.0
Umbria,2019,vita_sana_servizi_maltratt,4.0
Valle d'Aosta,2019,vita_sana_servizi_maltratt,3.0
Veneto,2019,vita_sana_servizi_maltratt,6.0
Abruzzo,2019,vita_sana_sintomi,-0.716
Basilicata,2019,vita_sana_sintomi,-0.523
Calabria,2019,vita_sana_sintomi,0.036
Campania,2019,vita_sana_sintomi,-0.671
Emilia-Romagna,2019,vita_sana_sintomi,0.351
Friuli-Venezia Giulia,2019,vita_sana_sintomi,0.632
Lazio,2019,vita_sana_sintomi,0.437
Liguria,2019,vita_sana_sintomi,0.144
Lombardia,2019,vita_sana_sintomi,0.208
Marche,2019,vita_sana_sintomi,0.86
Molise,2019,vita_sana_sintomi,-0.831
Piemonte,2019,vita_sana_sintomi,0.219
Puglia,2019,vita_sana_sintomi,-0.938
Sardegna,2019,vita_sana_sintomi,-0.749
Sicilia,2019,vita_sana_sintomi,-0.907
Toscana,2019,vita_sana_sintomi,0.599
Trentino-Alto Adige,2019,vita_sana_sintomi,0.811
Umbria,2019,vita_sana_sintomi,-0.014
Valle d'Aosta,2019,vita_sana_sintomi,0.808
Veneto,2019,vita_sana_sintomi,0.245
Abruzzo,2019,vita_sicura_rischio,-0.345
Basilicata,2019,vita_sicura_rischio,-0.335
Calabria,2019,vita_sicura_rischio,-0.454
Campania,2019,vita_sicura_rischio,-1.245
Emilia-Romagna,2019,vita_sicura_rischio,0.087
Friuli-Venezia Giulia,2019,vita_sicura_rischio,0.619
Lazio,2019,vita_sicura_rischio,-0.56
Liguria,2019,vita_sicura_rischio,0.324
Lombardia,2019,vita_sicura_rischio,0.101
Marche,2019,vita_sicura_rischio,-0.039
Molise,2019,vita_sicura_rischio,-0.37
Piemonte,2019,vita_sicura_rischio,0.171
Puglia,2019,vita_sicura_rischio,-1.286
Sardegna,2019,vita_sicura_rischio,0.243
Sicilia,2019,vita_sicura_rischio,-0.615
Toscana,2019,vita_sicura_rischio,0.013
Trentino-Alto Adige,2019,vita_sicura_rischio,1.339
Umbria,2019,vita_sicura_rischio,0.073
Valle d'Aosta,2019,vita_sicura_rischio,0.212
Veneto,2019,vita_sicura_rischio,-0.003
Abruzzo,2019,vita_sicura_servizi,-0.177
Basilicata,2019,vita_sicura_servizi,-0.876
Calabria,2019,vita_sicura_servizi,-0.42
Campania,2019,vita_sicura_servizi,0.029
Emilia-Romagna,2019,vita_sicura_servizi,0.968
Friuli-Venezia Giulia,2019,vita_sicura_servizi,0.308
Lazio,2019,vita_sicura_servizi,-0.971
Liguria,2019,vita_sicura_servizi,0.015
Lombardia,2019,vita_sicura_servizi,-0.352
Marche,2019,vita_sicura_servizi,1.047
Molise,2019,vita_sicura_servizi,-0.6
Piemonte,2019,vita_sicura_servizi,-0.994
Puglia,2019,vita_sicura_servizi,-0.676
Sardegna,2019,vita_sicura_servizi,0.45
Sicilia,2019,vita_sicura_servizi,0.168
Toscana,2019,vita_sicura_servizi,0.178
Trentino-Alto Adige,2019,vita_sicura_servizi,0.182
Umbria,2019,vita_sicura_servizi,0.696
Valle d'Aosta,2019,vita_sicura_servizi,0.83
Veneto,2019,vita_sicura_servizi,0.195
Abruzzo,2020,accedere_rischio,-0.776
Basilicata,2020,accedere_rischio,-0.271
Calabria,2020,accedere_rischio,-0.854
Campania,2020,accedere_rischio,-1.156
Emilia-Romagna,2020,accedere_rischio,0.842
Friuli-Venezia Giulia,2020,accedere_rischio,0.733
Lazio,2020,accedere_rischio,-0.021
Liguria,2020,accedere_rischio,-0.067
Lombardia,2020,accedere_rischio,0.446
Marche,2020,accedere_rischio,0.096
Molise,2020,accedere_rischio,0.234
Piemonte,2020,accedere_rischio,0.18
Puglia,2020,accedere_rischio,-0.872
Sardegna,2020,accedere_rischio,-0.769
Sicilia,2020,accedere_rischio,-1.166
Toscana,2020,accedere_rischio,0.774
Trentino-Alto Adige,2020,accedere_rischio,0.914
Umbria,2020,accedere_rischio,0.362
Valle d'Aosta,2020,accedere_rischio,0.517
Veneto,2020,accedere_rischio,0.855
Abruzzo,2020,accedere_servizi,-0.635
Basilicata,2020,accedere_servizi,-0.725
Calabria,2020,accedere_servizi,-0.624
Campania,2020,accedere_servizi,-0.741
Emilia-Romagna,2020,accedere_servizi,1.062
Friuli-Venezia Giulia,2020,accedere_servizi,1.552
Lazio,2020,accedere_servizi,-0.132
Liguria,2020,accedere_servizi,-0.596
Lombardia,2020,accedere_servizi,0.095
Marche,2020,accedere_servizi,-0.167
Molise,2020,accedere_servizi,-0.502
Piemonte,2020,accedere_servizi,0.566
Puglia,2020,accedere_servizi,-0.649
Sardegna,2020,accedere_servizi,-0.39
Sicilia,2020,accedere_servizi,-0.808
Toscana,2020,accedere_servizi,-0.182
Trentino-Alto Adige,2020,accedere_servizi,2.3
Umbria,2020,accedere_servizi,-0.243
Valle d'Aosta,2020,accedere_servizi,-0.649
Veneto,2020,accedere_servizi,1.47
Abruzzo,2020,conoscenza_rischio,0.519
Basilicata,2020,conoscenza_rischio,-0.132
Calabria,2020,conoscenza_rischio,-1.783
Campania,2020,conoscenza_rischio,-1.714
Emilia-Romagna,2020,conoscenza_rischio,0.561
Friuli-Venezia Giulia,2020,conoscenza_rischio,0.486
Lazio,2020,conoscenza_rischio,1.143
Liguria,2020,conoscenza_rischio,0.106
Lombardia,2020,conoscenza_rischio,0.855
Marche,2020,conoscenza_rischio,0.755
Molise,2020,conoscenza_rischio,-0.023
Piemonte,2020,conoscenza_rischio,0.438
Puglia,2020,conoscenza_rischio,-1.53
Sardegna,2020,conoscenza_rischio,-0.764
Sicilia,2020,conoscenza_rischio,-1.895
Toscana,2020,conoscenza_rischio,0.286
Trentino-Alto Adige,2020,conoscenza_rischio,0.828
Umbria,2020,conoscenza_rischio,1.04
Valle d'Aosta,2020,conoscenza_rischio,0.437
Veneto,2020,conoscenza_rischio,0.388
Abruzzo,2020,conoscenza_servizi,-1.161
Basilicata,2020,conoscenza_servizi,0.461
Calabria,2020,conoscenza_servizi,-0.926
Campania,2020,conoscenza_servizi,-0.972
Emilia-Romagna,2020,conoscenza_servizi,0.846
Friuli-Venezia Giulia,2020,conoscenza_servizi,1.42
Lazio,2020,conoscenza_servizi,1.262
Liguria,2020,conoscenza_servizi,0.513
Lombardia,2020,conoscenza_servizi,-0.459
Marche,2020,conoscenza_servizi,-0.688
Molise,2020,conoscenza_servizi,1.414
Piemonte,2020,conoscenza_servizi,-0.75
Puglia,2020,conoscenza_servizi,-1.71
Sardegna,2020,conoscenza_servizi,0.568
Sicilia,2020,conoscenza_servizi,-1.782
Toscana,2020,conoscenza_servizi,1.318
Trentino-Alto Adige,2020,conoscenza_servizi,0.62
Umbria,2020,conoscenza_servizi,0.411
Valle d'Aosta,2020,conoscenza_servizi,-0.288
Veneto,2020,conoscenza_servizi,-0.096
Abruzzo,2020,cura_rischio,-0.207
Basilicata,2020,cura_rischio,0.016
Calabria,2020,cura_rischio,-0.242
Campania,2020,cura_rischio,-1.647
Emilia-Romagna,2020,cura_rischio,0.403
Friuli-Venezia Giulia,2020,cura_rischio,0.417
Lazio,2020,cura_rischio,-0.27
Liguria,2020,cura_rischio,0.214
Lombardia,2020,cura_rischio,0.458
Marche,2020,cura_rischio,0.216
Molise,2020,cura_rischio,0.234
Piemonte,2020,cura_rischio,0.393
Puglia,2020,cura_rischio,-0.806
Sardegna,2020,cura_rischio,0.043
Sicilia,2020,cura_rischio,-1.224
Toscana,2020,cura_rischio,0.237
Trentino-Alto Adige,2020,cura_rischio,1.012
Umbria,2020,cura_rischio,0.038
Valle d'Aosta,2020,cura_rischio,0.11
Veneto,2020,cura_rischio,0.605
Abruzzo,2020,cura_servizi,-0.282
Basilicata,2020,cura_servizi,-0.068
Calabria,2020,cura_servizi,-0.902
Campania,2020,cura_servizi,-0.906
Emilia-Romagna,2020,cura_servizi,1.571
Friuli-Venezia Giulia,2020,cura_servizi,-0.305
Lazio,2020,cura_servizi,-0.111
Liguria,2020,cura_servizi,0.078
Lombardia,2020,cura_servizi,-0.048
Marche,2020,cura_servizi,-0.318
Molise,2020,cura_servizi,-0.497
Piemonte,2020,cura_servizi,0.388
Puglia,2020,cura_servizi,-0.162
Sardegna,2020,cura_servizi,-0.036
Sicilia,2020,cura_servizi,-0.161
Toscana,2020,cura_servizi,-0.015
Trentino-Alto Adige,2020,cura_servizi,0.258
Umbria,2020,cura_servizi,0.421
Valle d'Aosta,2020,cura_servizi,0.634
Veneto,2020,cura_servizi,0.46
Abruzzo,2020,lavorare_rischio,-0.261
Basilicata,2020,lavorare_rischio,-0.364
Calabria,2020,lavorare_rischio,-1.807
Campania,2020,lavorare_rischio,-1.686
Emilia-Romagna,2020,lavorare_rischio,0.949
Friuli-Venezia Giulia,2020,lavorare_rischio,0.712
Lazio,2020,lavorare_rischio,-0.026
Liguria,2020,lavorare_rischio,0.427
Lombardia,2020,lavorare_rischio,0.754
Marche,2020,lavorare_rischio,0.465
Molise,2020,lavorare_rischio,-0.716
Piemonte,2020,lavorare_rischio,0.477
Puglia,2020,lavorare_rischio,-0.706
Sardegna,2020,lavorare_rischio,-0.787
Sicilia,2020,lavorare_rischio,-1.689
Toscana,2020,lavorare_rischio,0.631
Trentino-Alto Adige,2020,lavorare_rischio,1.424
Umbria,2020,lavorare_rischio,0.398
Valle d'Aosta,2020,lavorare_rischio,0.788
Veneto,2020,lavorare_rischio,1.017
Abruzzo,2020,lavorare_servizi,-0.889
Basilicata,2020,lavorare_servizi,-0.649
Calabria,2020,lavorare_servizi,-1.023
Campania,2020,lavorare_servizi,-0.958
Emilia-Romagna,2020,lavorare_servizi,2.063
Friuli-Venezia Giulia,2020,lavorare_servizi,0.569
Lazio,2020,lavorare_servizi,-0.823
Liguria,2020,lavorare_servizi,-0.136
Lombardia,2020,lavorare_servizi,0.801
Marche,2020,lavorare_servizi,-0.775
Molise,2020,lavorare_servizi,1.213
Piemonte,2020,lavorare_servizi,0.456
Puglia,2020,lavorare_servizi,-0.604
Sardegna,2020,lavorare_servizi,1.791
Sicilia,2020,lavorare_servizi,-0.482
Toscana,2020,lavorare_servizi,-0.303
Trentino-Alto Adige,2020,lavorare_servizi,-1.034
Umbria,2020,lavorare_servizi,-0.19
Valle d'Aosta,2020,lavorare_servizi,-0.767
Veneto,2020,lavorare_servizi,1.742
Abruzzo,2020,ricevere_cura_servizi,-0.537
Basilicata,2020,ricevere_cura_servizi,-0.337
Calabria,2020,ricevere_cura_servizi,-0.814
Campania,2020,ricevere_cura_servizi,-1.084
Emilia-Romagna,2020,ricevere_cura_servizi,0.538
Friuli-Venezia Giulia,2020,ricevere_cura_servizi,0.114
Lazio,2020,ricevere_cura_servizi,-0.643
Liguria,2020,ricevere_cura_servizi,1.116
Lombardia,2020,ricevere_cura_servizi,-0.37
Marche,2020,ricevere_cura_servizi,-0.032
Molise,2020,ricevere_cura_servizi,-0.192
Piemonte,2020,ricevere_cura_servizi,0.734
Puglia,2020,ricevere_cura_servizi,-0.67
Sardegna,2020,ricevere_cura_servizi,0.22
Sicilia,2020,ricevere_cura_servizi,-0.216
Toscana,2020,ricevere_cura_servizi,0.46
Trentino-Alto Adige,2020,ricevere_cura_servizi,0.055
Umbria,2020,ricevere_cura_servizi,0.689
Valle d'Aosta,2020,ricevere_cura_servizi,0.512
Veneto,2020,ricevere_cura_servizi,0.458
Abruzzo,2020,vita_sana_rischio,0.178
Basilicata,2020,vita_sana_rischio,-0.138
Calabria,2020,vita_sana_rischio,-0.137
Campania,2020,vita_sana_rischio,-0.384
Emilia-Romagna,2020,vita_sana_rischio,0.177
Friuli-Venezia Giulia,2020,vita_sana_rischio,0.6
Lazio,2020,vita_sana_rischio,0.371
Liguria,2020,vita_sana_rischio,0.228
Lombardia,2020,vita_sana_rischio,0.186
Marche,2020,vita_sana_rischio,-1.001
Molise,2020,vita_sana_rischio,0.573
Piemonte,2020,vita_sana_rischio,-0.366
Puglia,2020,vita_sana_rischio,0.01
Sardegna,2020,vita_sana_rischio,-0.424
Sicilia,2020,vita_sana_rischio,0.198
Toscana,2020,vita_sana_rischio,-0.156
Trentino-Alto Adige,2020,vita_sana_rischio,0.999
Umbria,2020,vita_sana_rischio,-0.769
Valle d'Aosta,2020,vita_sana_rischio,-0.479
Veneto,2020,vita_sana_rischio,0.334
Abruzzo,2020,vita_sana_servizi_bambini,0.68
Basilicata,2020,vita_sana_servizi_bambini,-0.336
Calabria,2020,vita_sana_servizi_bambini,-0.023
Campania,2020,vita_sana_servizi_bambini,-0.769
Emilia-Romagna,2020,vita_sana_servizi_bambini,0.353
Friuli-Venezia Giulia,2020,vita_sana_servizi_bambini,-0.925
Lazio,2020,vita_sana_servizi_bambini,0.384
Liguria,2020,vita_sana_servizi_bambini,-0.175
Lombardia,2020,vita_sana_servizi_bambini,-0.823
Marche,2020,vita_sana_servizi_bambini,-0.486
Molise,2020,vita_sana_servizi_bambini,-0.386
Piemonte,2020,vita_sana_servizi_bambini,-0.929
Puglia,2020,vita_sana_servizi_bambini,0.09
Sardegna,2020,vita_sana_servizi_bambini,1.298
Sicilia,2020,vita_sana_servizi_bambini,0.328
Toscana,2020,vita_sana_servizi_bambini,1.01
Trentino-Alto Adige,2020,vita_sana_servizi_bambini,-0.344
Umbria,2020,vita_sana_servizi_bambini,0.353
Valle d'Aosta,2020,vita_sana_servizi_bambini,1.265
Veneto,2020,vita_sana_servizi_bambini,-0.567
Abruzzo,2020,vita_sana_servizi_maltratt,10.0
Basilicata,2020,vita_sana_servizi_maltratt,14.0
Calabria,2020,vita_sana_servizi_maltratt,20.0
Campania,2020,vita_sana_servizi_maltratt,19.0
Emilia-Romagna,2020,vita_sana_servizi_maltratt,11.0
Friuli-Venezia Giulia,2020,vita_sana_servizi_maltratt,13.0
Lazio,2020,vita_sana_servizi_maltratt,17.0
Liguria,2020,vita_sana_servizi_maltratt,1.0
Lombardia,2020,vita_sana_servizi_maltratt,12.0
Marche,2020,vita_sana_servizi_maltratt,2.0
Molise,2020,vita_sana_servizi_maltratt,8.0
Piemonte,2020,vita_sana_servizi_maltratt,7.0
Puglia,2020,vita_sana_servizi_maltratt,15.0
Sardegna,2020,vita_sana_servizi_maltratt,16.0
Sicilia,2020,vita_sana_servizi_maltratt,18.0
Toscana,2020,vita_sana_servizi_maltratt,5.0
Trentino-Alto Adige,2020,vita_sana_servizi_maltratt,9.0
Umbria,2020,vita_sana_servizi_maltratt,4.0
Valle d'Aosta,2020,vita_sana_servizi_maltratt,3.0
Veneto,2020,vita_sana_servizi_maltratt,6.0
Abruzzo,2020,vita_sana_sintomi,-0.716
Basilicata,2020,vita_sana_sintomi,-0.523
Calabria,2020,vita_sana_sintomi,0.036
Campania,2020,vita_sana_sintomi,-0.671
Emilia-Romagna,2020,vita_sana_sintomi,0.351
Friuli-Venezia Giulia,2020,vita_sana_sintomi,0.632
Lazio,2020,vita_sana_sintomi,0.437
Liguria,2020,vita_sana_sintomi,0.144
Lombardia,2020,vita_sana_sintomi,0.208
Marche,2020,vita_sana_sintomi,0.86
Molise,2020,vita_sana_sintomi,-0.831
Piemonte,2020,vita_sana_sintomi,0.219
Puglia,2020,vita_sana_sintomi,-0.938
Sardegna,2020,vita_sana_sintomi,-0.749
Sicilia,2020,vita_sana_sintomi,-0.907
Toscana,2020,vita_sana_sintomi,0.599
Trentino-Alto Adige,2020,vita_sana_sintomi,0.811
Umbria,2020,vita_sana_sintomi,-0.014
Valle d'Aosta,2020,vita_sana_sintomi,0.808
Veneto,2020,vita_sana_sintomi,0.245
Abruzzo,2020,vita_sicura_rischio,-0.345
Basilicata,2020,vita_sicura_rischio,-0.335
Calabria,2020,vita_sicura_rischio,-0.454
Campania,2020,vita_sicura_rischio,-1.245
Emilia-Romagna,2020,vita_sicura_rischio,0.087
Friuli-Venezia Giulia,2020,vita_sicura_rischio,0.619
Lazio,2020,vita_sicura_rischio,-0.56
Liguria,2020,vita_sicura_rischio,0.324
Lombardia,2020,vita_sicura_rischio,0.101
Marche,2020,vita_sicura_rischio,-0.039
Molise,2020,vita_sicura_rischio,-0.37
Piemonte,2020,vita_sicura_rischio,0.171
Puglia,2020,vita_sicura_rischio,-1.286
Sardegna,2020,vita_sicura_rischio,0.243
Sicilia,2020,vita_sicura_rischio,-0.615
Toscana,2020,vita_sicura_rischio,0.013
Trentino-Alto Adige,2020,vita_sicura_rischio,1.339
Umbria,2020,vita_sicura_rischio,0.073
Valle d'Aosta,2020,vita_sicura_rischio,0.212
Veneto,2020,vita_sicura_rischio,-0.003
Abruzzo,2020,vita_sicura_servizi,-0.177
Basilicata,2020,vita_sicura_servizi,-0.876
Calabria,2020,vita_sicura_servizi,-0.42
Campania,2020,vita_sicura_servizi,0.029
Emilia-Romagna,2020,vita_sicura_servizi,0.968
Friuli-Venezia Giulia,2020,vita_sicura_servizi,0.308
Lazio,2020,vita_sicura_servizi,-0.971
Liguria,2020,vita_sicura_servizi,0.015
Lombardia,2020,vita_sicura_servizi,-0.352
Marche,2020,vita_sicura_servizi,1.047
Molise,2020,vita_sicura_servizi,-0.6
Piemonte,2020,vita_sicura_servizi,-0.994
Puglia,2020,vita_sicura_servizi,-0.676
Sardegna,2020,vita_sicura_servizi,0.45
Sicilia,2020,vita_sicura_servizi,0.168
Toscana,2020,vita_sicura_servizi,0.178
Trentino-Alto Adige,2020,vita_sicura_servizi,0.182
Umbria,2020,vita_sicura_servizi,0.696
Valle d'Aosta,2020,vita_sicura_servizi,0.83
Veneto,2020,vita_sicura_servizi,0.195
Abruzzo,2021,accedere_rischio,-0.776
Basilicata,2021,accedere_rischio,-0.271
Calabria,2021,accedere_rischio,-0.854
Campania,2021,accedere_rischio,-1.156
Emilia-Romagna,2021,accedere_rischio,0.842
Friuli-Venezia Giulia,2021,accedere_rischio,0.733
Lazio,2021,accedere_rischio,-0.021
Liguria,2021,accedere_rischio,-0.067
Lombardia,2021,accedere_rischio,0.446
Marche,2021,accedere_rischio,0.096
Molise,2021,accedere_rischio,0.234
Piemonte,2021,accedere_rischio,0.18
Puglia,2021,accedere_rischio,-0.872
Sardegna,2021,accedere_rischio,-0.769
Sicilia,2021,accedere_rischio,-1.166
Toscana,2021,accedere_rischio,0.774
Trentino-Alto Adige,2021,accedere_rischio,0.914
Umbria,2021,accedere_rischio,0.362
Valle d'Aosta,2021,accedere_rischio,0.517
Veneto,2021,accedere_rischio,0.855
Abruzzo,2021,accedere_servizi,-0.635
Basilicata,2021,accedere_servizi,-0.725
Calabria,2021,accedere_servizi,-0.624
Campania,2021,accedere_servizi,-0.741
Emilia-Romagna,2021,accedere_servizi,1.062
Friuli-Venezia Giulia,2021,accedere_servizi,1.552
Lazio,2021,accedere_servizi,-0.132
Liguria,2021,accedere_servizi,-0.596
Lombardia,2021,accedere_servizi,0.095
Marche,2021,accedere_servizi,-0.167
Molise,2021,accedere_servizi,-0.502
Piemonte,2021,accedere_servizi,0.566
Puglia,2021,accedere_servizi,-0.649
Sardegna,2021,accedere_servizi,-0.39
Sicilia,2021,accedere_servizi,-0.808
Toscana,2021,accedere_servizi,-0.182
Trentino-Alto Adige,2021,accedere_servizi,2.3
Umbria,2021,accedere_servizi,-0.243
Valle d'Aosta,2021,accedere_servizi,-0.649
Veneto,2021,accedere_servizi,1.47
Abruzzo,2021,conoscenza_rischio,0.519
Basilicata,2021,conoscenza_rischio,-0.132
Calabria,2021,conoscenza_rischio,-1.783
Campania,2021,conoscenza_rischio,-1.714
Emilia-Romagna,2021,conoscenza_rischio,0.561
Friuli-Venezia Giulia,2021,conoscenza_rischio,0.486
Lazio,2021,conoscenza_rischio,1.143
Liguria,2021,conoscenza_rischio,0.106
Lombardia,2021,conoscenza_rischio,0.855
Marche,2021,conoscenza_rischio,0.755
Molise,2021,conoscenza_rischio,-0.023
Piemonte,2021,conoscenza_rischio,0.438
Puglia,2021,conoscenza_rischio,-1.53
Sardegna,2021,conoscenza_rischio,-0.764
Sicilia,2021,conoscenza_rischio,-1.895
Toscana,2021,conoscenza_rischio,0.286
Trentino-Alto Adige,2021,conoscenza_rischio,0.828
Umbria,2021,conoscenza_rischio,1.04
Valle d'Aosta,2021,conoscenza_rischio,0.437
Veneto,2021,conoscenza_rischio,0.388
Abruzzo,2021,conoscenza_servizi,-1.161
Basilicata,2021,conoscenza_servizi,0.461
Calabria,2021,conoscenza_servizi,-0.926
Campania,2021,conoscenza_servizi,-0.972
Emilia-Romagna,2021,conoscenza_servizi,0.846
Friuli-Venezia Giulia,2021,conoscenza_servizi,1.42
Lazio,2021,conoscenza_servizi,1.262
Liguria,2021,conoscenza_servizi,0.513
Lombardia,2021,conoscenza_servizi,-0.459
Marche,2021,conoscenza_servizi,-0.688
Molise,2021,conoscenza_servizi,1.414
Piemonte,2021,conoscenza_servizi,-0.75
Puglia,2021,conoscenza_servizi,-1.71
Sardegna,2021,conoscenza_servizi,0.568
Sicilia,2021,conoscenza_servizi,-1.782
Toscana,2021,conoscenza_servizi,1.318
Trentino-Alto Adige,2021,conoscenza_servizi,0.62
Umbria,2021,conoscenza_servizi,0.411
Valle d'Aosta,2021,conoscenza_servizi,-0.288
Veneto,2021,conoscenza_servizi,-0.096
Abruzzo,2021,cura_rischio,-0.207
Basilicata,2021,cura_rischio,0.016
Calabria,2021,cura_rischio,-0.242
Campania,2021,cura_rischio,-1.647
Emilia-Romagna,2021,cura_rischio,0.403
Friuli-Venezia Giulia,2021,cura_rischio,0.417
Lazio,2021,cura_rischio,-0.27
Liguria,2021,cura_rischio,0.214
Lombardia,2021,cura_rischio,0.458
Marche,2021,cura_rischio,0.216
Molise,2021,cura_rischio,0.234
Piemonte,2021,cura_rischio,0.393
Puglia,2021,cura_rischio,-0.806
Sardegna,2021,cura_rischio,0.043
Sicilia,2021,cura_rischio,-1.224
Toscana,2021,cura_rischio,0.237
Trentino-Alto Adige,2021,cura_rischio,1.012
Umbria,2021,cura_rischio,0.038
Valle d'Aosta,2021,cura_rischio,0.11
Veneto,2021,cura_rischio,0.605
Abruzzo,2021,cura_servizi,-0.282
Basilicata,2021,cura_servizi,-0.068
Calabria,2021,cura_servizi,-0.902
Campania,2021,cura_servizi,-0.906
Emilia-Romagna,2021,cura_servizi,1.571
Friuli-Venezia Giulia,2021,cura_servizi,-0.305
Lazio,2021,cura_servizi,-0.111
Liguria,2021,cura_servizi,0.078
Lombardia,2021,cura_servizi,-0.048
Marche,2021,cura_servizi,-0.318
Molise,2021,cura_servizi,-0.497
Piemonte,2021,cura_servizi,0.388
Puglia,2021,cura_servizi,-0.162
Sardegna,2021,cura_servizi,-0.036
Sicilia,2021,cura_servizi,-0.161
Toscana,2021,cura_servizi,-0.015
Trentino-Alto Adige,2021,cura_servizi,0.258
Umbria,2021,cura_servizi,0.421
Valle d'Aosta,2021,cura_servizi,0.634
Veneto,2021,cura_servizi,0.46
Abruzzo,2021,lavorare_rischio,-0.261
Basilicata,2021,lavorare_rischio,-0.364
Calabria,2021,lavorare_rischio,-1.807
Campania,2021,lavorare_rischio,-1.686
Emilia-Romagna,2021,lavorare_rischio,0.949
Friuli-Venezia Giulia,2021,lavorare_rischio,0.712
Lazio,2021,lavorare_rischio,-0.026
Liguria,2021,lavorare_rischio,0.427
Lombardia,2021,lavorare_rischio,0.754
Marche,2021,lavorare_rischio,0.465
Molise,2021,lavorare_rischio,-0.716
Piemonte,2021,lavorare_rischio,0.477
Puglia,2021,lavorare_rischio,-0.706
Sardegna,2021,lavorare_rischio,-0.787
Sicilia,2021,lavorare_rischio,-1.689
Toscana,2021,lavorare_rischio,0.631
Trentino-Alto Adige,2021,lavorare_rischio,1.424
Umbria,2021,lavorare_rischio,0.398
Valle d'Aosta,2021,lavorare_rischio,0.788
Veneto,2021,lavorare_rischio,1.017
Abruzzo,2021,lavorare_servizi,-0.889
Basilicata,2021,lavorare_servizi,-0.649
Calabria,2021,lavorare_servizi,-1.023
Campania,2021,lavorare_servizi,-0.958
Emilia-Romagna,2021,lavorare_servizi,2.063
Friuli-Venezia Giulia,2021,lavorare_servizi,0.569
Lazio,2021,lavorare_servizi,-0.823
Liguria,2021,lavorare_servizi,-0.136
Lombardia,2021,lavorare_servizi,0.801
Marche,2021,lavorare_servizi,-0.775
Molise,2021,lavorare_servizi,1.213
Piemonte,2021,lavorare_servizi,0.456
Puglia,2021,lavorare_servizi,-0.604
Sardegna,2021,lavorare_servizi,1.791
Sicilia,2021,lavorare_servizi,-0.482
Toscana,2021,lavorare_servizi,-0.303
Trentino-Alto Adige,2021,lavorare_servizi,-1.034
Umbria,2021,lavorare_servizi,-0.19
Valle d'Aosta,2021,lavorare_servizi,-0.767
Veneto,2021,lavorare_servizi,1.742
Abruzzo,2021,ricevere_cura_servizi,-0.537
Basilicata,2021,ricevere_cura_servizi,-0.337
Calabria,2021,ricevere_cura_servizi,-0.814
Campania,2021,ricevere_cura_servizi,-1.084
Emilia-Romagna,2021,ricevere_cura_servizi,0.538
Friuli-Venezia Giulia,2021,ricevere_cura_servizi,0.114
Lazio,2021,ricevere_cura_servizi,-0.643
Liguria,2021,ricevere_cura_servizi,1.116
Lombardia,2021,ricevere_cura_servizi,-0.37
Marche,2021,ricevere_cura_servizi,-0.032
Molise,2021,ricevere_cura_servizi,-0.192
Piemonte,2021,ricevere_cura_servizi,0.734
Puglia,2021,ricevere_cura_servizi,-0.67
Sardegna,2021,ricevere_cura_servizi,0.22
Sicilia,2021,ricevere_cura_servizi,-0.216
Toscana,2021,ricevere_cura_servizi,0.46
Trentino-Alto Adige,2021,ricevere_cura_servizi,0.055
Umbria,2021,ricevere_cura_servizi,0.689
Valle d'Aosta,2021,ricevere_cura_servizi,0.512
Veneto,2021,ricevere_cura_servizi,0.458
Abruzzo,2021,vita_sana_rischio,0.178
Basilicata,2021,vita_sana_rischio,-0.138
Calabria,2021,vita_sana_rischio,-0.137
Campania,2021,vita_sana_rischio,-0.384
Emilia-Romagna,2021,vita_sana_rischio,0.177
Friuli-Venezia Giulia,2021,vita_sana_rischio,0.6
Lazio,2021,vita_sana_rischio,0.371
Liguria,2021,vita_sana_rischio,0.228
Lombardia,2021,vita_sana_rischio,0.186
Marche,2021,vita_sana_rischio,-1.001
Molise,2021,vita_sana_rischio,0.573
Piemonte,2021,vita_sana_rischio,-0.366
Puglia,2021,vita_sana_rischio,0.01
Sardegna,2021,vita_sana_rischio,-0.424
Sicilia,2021,vita_sana_rischio,0.198
Toscana,2021,vita_sana_rischio,-0.156
Trentino-Alto Adige,2021,vita_sana_rischio,0.999
Umbria,2021,vita_sana_rischio,-0.769
Valle d'Aosta,2021,vita_sana_rischio,-0.479
Veneto,2021,vita_sana_rischio,0.334
Abruzzo,2021,vita_sana_servizi_bambini,0.68
Basilicata,2021,vita_sana_servizi_bambini,-0.336
Calabria,2021,vita_sana_servizi_bambini,-0.023
Campania,2021,vita_sana_servizi_bambini,-0.769
Emilia-Romagna,2021,vita_sana_servizi_bambini,0.353
Friuli-Venezia Giulia,2021,vita_sana_servizi_bambini,-0.925
Lazio,2021,vita_sana_servizi_bambini,0.384
Liguria,2021,vita_sana_servizi_bambini,-0.175
Lombardia,2021,vita_sana_servizi_bambini,-0.823
Marche,2021,vita_sana_servizi_bambini,-0.486
Molise,2021,vita_sana_servizi_bambini,-0.386
Piemonte,2021,vita_sana_servizi_bambini,-0.929
Puglia,2021,vita_sana_servizi_bambini,0.09
Sardegna,2021,vita_sana_servizi_bambini,1.298
Sicilia,2021,vita_sana_servizi_bambini,0.328
Toscana,2021,vita_sana_servizi_bambini,1.01
Trentino-Alto Adige,2021,vita_sana_servizi_bambini,-0.344
Umbria,2021,vita_sana_servizi_bambini,0.353
Valle d'Aosta,2021,vita_sana_servizi_bambini,1.265
Veneto,2021,vita_sana_servizi_bambini,-0.567
Abruzzo,2021,vita_sana_servizi_maltratt,10.0
Basilicata,2021,vita_sana_servizi_maltratt,14.0
Calabria,2021,vita_sana_servizi_maltratt,20.0
Campania,2021,vita_sana_servizi_maltratt,19.0
Emilia-Romagna,2021,vita_sana_servizi_maltratt,11.0
Friuli-Venezia Giulia,2021,vita_sana_servizi_maltratt,13.0
Lazio,2021,vita_sana_servizi_maltratt,17.0
Liguria,2021,vita_sana_servizi_maltratt,1.0
Lombardia,2021,vita_sana_servizi_maltratt,12.0
Marche,2021,vita_sana_servizi_maltratt,2.0
Molise,2021,vita_sana_servizi_maltratt,8.0
Piemonte,2021,vita_sana_servizi_maltratt,7.0
Puglia,2021,vita_sana_servizi_maltratt,15.0
Sardegna,2021,vita_sana_servizi_maltratt,16.0
Sicilia,2021,vita_sana_servizi_maltratt,18.0
Toscana,2021,vita_sana_servizi_maltratt,5.0
Trentino-Alto Adige,2021,vita_sana_servizi_maltratt,9.0
Umbria,2021,vita_sana_servizi_maltratt,4.0
Valle d'Aosta,2021,vita_sana_servizi_maltratt,3.0
Veneto,2021,vita_sana_servizi_maltratt,6.0
Abruzzo,2021,vita_sana_sintomi,-0.716
Basilicata,2021,vita_sana_sintomi,-0.523
Calabria,2021,vita_sana_sintomi,0.036
Campania,2021,vita_sana_sintomi,-0.671
Emilia-Romagna,2021,vita_sana_sintomi,0.351
Friuli-Venezia Giulia,2021,vita_sana_sintomi,0.632
Lazio,2021,vita_sana_sintomi,0.437
Liguria,2021,vita_sana_sintomi,0.144
Lombardia,2021,vita_sana_sintomi,0.208
Marche,2021,vita_sana_sintomi,0.86
Molise,2021,vita_sana_sintomi,-0.831
Piemonte,2021,vita_sana_sintomi,0.219
Puglia,2021,vita_sana_sintomi,-0.938
Sardegna,2021,vita_sana_sintomi,-0.749
Sicilia,2021,vita_sana_sintomi,-0.907
Toscana,2021,vita_sana_sintomi,0.599
Trentino-Alto Adige,2021,vita_sana_sintomi,0.811
Umbria,2021,vita_sana_sintomi,-0.014
Valle d'Aosta,2021,vita_sana_sintomi,0.808
Veneto,2021,vita_sana_sintomi,0.245
Abruzzo,2021,vita_sicura_rischio,-0.345
Basilicata,2021,vita_sicura_rischio,-0.335
Calabria,2021,vita_sicura_rischio,-0.454
Campania,2021,vita_sicura_rischio,-1.245
Emilia-Romagna,2021,vita_sicura_rischio,0.087
Friuli-Venezia Giulia,2021,vita_sicura_rischio,0.619
Lazio,2021,vita_sicura_rischio,-0.56
Liguria,2021,vita_sicura_rischio,0.324
Lombardia,2021,vita_sicura_rischio,0.101
Marche,2021,vita_sicura_rischio,-0.039
Molise,2021,vita_sicura_rischio,-0.37
Piemonte,2021,vita_sicura_rischio,0.171
Puglia,2021,vita_sicura_rischio,-1.286
Sardegna,2021,vita_sicura_rischio,0.243
Sicilia,2021,vita_sicura_rischio,-0.615
Toscana,2021,vita_sicura_rischio,0.013
Trentino-Alto Adige,2021,vita_sicura_rischio,1.339
Umbria,2021,vita_sicura_rischio,0.073
Valle d'Aosta,2021,vita_sicura_rischio,0.212
Veneto,2021,vita_sicura_rischio,-0.003
Abruzzo,2021,vita_sicura_servizi,-0.177
Basilicata,2021,vita_sicura_servizi,-0.876
Calabria,2021,vita_sicura_servizi,-0.42
Campania,2021,vita_sicura_servizi,0.029
Emilia-Romagna,2021,vita_sicura_servizi,0.968
Friuli-Venezia Giulia,2021,vita_sicura_servizi,0.308
Lazio,2021,vita_sicura_servizi,-0.971
Liguria,2021,vita_sicura_servizi,0.015
Lombardia,2021,vita_sicura_servizi,-0.352
Marche,2021,vita_sicura_servizi,1.047
Molise,2021,vita_sicura_servizi,-0.6
Piemonte,2021,vita_sicura_servizi,-0.994
Puglia,2021,vita_sicura_servizi,-0.676
Sardegna,2021,vita_sicura_servizi,0.45
Sicilia,2021,vita_sicura_servizi,0.168
Toscana,2021,vita_sicura_servizi,0.178
Trentino-Alto Adige,2021,vita_sicura_servizi,0.182
Umbria,2021,vita_sicura_servizi,0.696
Valle d'Aosta,2021,vita_sicura_servizi,0.83
Veneto,2021,vita_sicura_servizi,0.195
Abruzzo,2022,accedere_rischio,-0.776
Basilicata,2022,accedere_rischio,-0.271
Calabria,2022,accedere_rischio,-0.854
Campania,2022,accedere_rischio,-1.156
Emilia-Romagna,2022,accedere_rischio,0.842
Friuli-Venezia Giulia,2022,accedere_rischio,0.733
Lazio,2022,accedere_rischio,-0.021
Liguria,2022,accedere_rischio,-0.067
Lombardia,2022,accedere_rischio,0.446
Marche,2022,accedere_rischio,0.096
Molise,2022,accedere_rischio,0.234
Piemonte,2022,accedere_rischio,0.18
Puglia,2022,accedere_rischio,-0.872
Sardegna,2022,accedere_rischio,-0.769
Sicilia,2022,accedere_rischio,-1.166
Toscana,2022,accedere_rischio,0.774
Trentino-Alto Adige,2022,accedere_rischio,0.914
Umbria,2022,accedere_rischio,0.362
Valle d'Aosta,2022,accedere_rischio,0.517
Veneto,2022,accedere_rischio,0.855
Abruzzo,2022,accedere_servizi,-0.635
Basilicata,2022,accedere_servizi,-0.725
Calabria,2022,accedere_servizi,-0.624
Campania,2022,accedere_servizi,-0.741
Emilia-Romagna,2022,accedere_servizi,1.062
Friuli-Venezia Giulia,2022,accedere_servizi,1.552
Lazio,2022,accedere_servizi,-0.132
Liguria,2022,accedere_servizi,-0.596
Lombardia,2022,accedere_servizi,0.095
Marche,2022,accedere_servizi,-0.167
Molise,2022,accedere_servizi,-0.502
Piemonte,2022,accedere_servizi,0.566
Puglia,2022,accedere_servizi,-0.649
Sardegna,2022,accedere_servizi,-0.39
Sicilia,2022,accedere_servizi,-0.808
Toscana,2022,accedere_servizi,-0.182
Trentino-Alto Adige,2022,accedere_servizi,2.3
Umbria,2022,accedere_servizi,-0.243
Valle d'Aosta,2022,accedere_servizi,-0.649
Veneto,2022,accedere_servizi,1.47
Abruzzo,2022,conoscenza_rischio,0.519
Basilicata,2022,conoscenza_rischio,-0.132
Calabria,2022,conoscenza_rischio,-1.783
Campania,2022,conoscenza_rischio,-1.714
Emilia-Romagna,2022,conoscenza_rischio,0.561
Friuli-Venezia Giulia,2022,conoscenza_rischio,0.486
Lazio,2022,conoscenza_rischio,1.143
Liguria,2022,conoscenza_rischio,0.106
Lombardia,2022,conoscenza_rischio,0.855
Marche,2022,conoscenza_rischio,0.755
Molise,2022,conoscenza_rischio,-0.023
Piemonte,2022,conoscenza_rischio,0.438
Puglia,2022,conoscenza_rischio,-1.53
Sardegna,2022,conoscenza_rischio,-0.764
Sicilia,2022,conoscenza_rischio,-1.895
Toscana,2022,conoscenza_rischio,0.286
Trentino-Alto Adige,2022,conoscenza_rischio,0.828
Umbria,2022,conoscenza_rischio,1.04
Valle d'Aosta,2022,conoscenza_rischio,0.437
Veneto,2022,conoscenza_rischio,0.388
Abruzzo,2022,conoscenza_servizi,-1.161
Basilicata,2022,conoscenza_servizi,0.461
Calabria,2022,conoscenza_servizi,-0.926
Campania,2022,conoscenza_servizi,-0.972
Emilia-Romagna,2022,conoscenza_servizi,0.846
Friuli-Venezia Giulia,2022,conoscenza_servizi,1.42
Lazio,2022,conoscenza_servizi,1.262
Liguria,2022,conoscenza_servizi,0.513
Lombardia,2022,conoscenza_servizi,-0.459
Marche,2022,conoscenza_servizi,-0.688
Molise,2022,conoscenza_servizi,1.414
Piemonte,2022,conoscenza_servizi,-0.75
Puglia,2022,conoscenza_servizi,-1.71
Sardegna,2022,conoscenza_servizi,0.568
Sicilia,2022,conoscenza_servizi,-1.782
Toscana,2022,conoscenza_servizi,1.318
Trentino-Alto Adige,2022,conoscenza_servizi,0.62
Umbria,2022,conoscenza_servizi,0.411
Valle d'Aosta,2022,conoscenza_servizi,-0.288
Veneto,2022,conoscenza_servizi,-0.096
Abruzzo,2022,cura_rischio,-0.207
Basilicata,2022,cura_rischio,0.016
Calabria,2022,cura_rischio,-0.242
Campania,2022,cura_rischio,-1.647
Emilia-Romagna,2022,cura_rischio,0.403
Friuli-Venezia Giulia,2022,cura_rischio,0.417
Lazio,2022,cura_rischio,-0.27
Liguria,2022,cura_rischio,0.214
Lombardia,2022,cura_rischio,0.458
Marche,2022,cura_rischio,0.216
Molise,2022,cura_rischio,0.234
Piemonte,2022,cura_rischio,0.393
Puglia,2022,cura_rischio,-0.806
Sardegna,2022,cura_rischio,0.043
Sicilia,2022,cura_rischio,-1.224
Toscana,2022,cura_rischio,0.237
Trentino-Alto Adige,2022,cura_rischio,1.012
Umbria,2022,cura_rischio,0.038
Valle d'Aosta,2022,cura_rischio,0.11
Veneto,2022,cura_rischio,0.605
Abruzzo,2022,cura_servizi,-0.282
Basilicata,2022,cura_servizi,-0.068
Calabria,2022,cura_servizi,-0.902
Campania,2022,cura_servizi,-0.906
Emilia-Romagna,2022,cura_servizi,1.571
Friuli-Venezia Giulia,2022,cura_servizi,-0.305
Lazio,2022,cura_servizi,-0.111
Liguria,2022,cura_servizi,0.078
Lombardia,2022,cura_servizi,-0.048
Marche,2022,cura_servizi,-0.318
Molise,2022,cura_servizi,-0.497
Piemonte,2022,cura_servizi,0.388
Puglia,2022,cura_servizi,-0.162
Sardegna,2022,cura_servizi,-0.036
Sicilia,2022,cura_servizi,-0.161
Toscana,2022,cura_servizi,-0.015
Trentino-Alto Adige,2022,cura_servizi,0.258
Umbria,2022,cura_servizi,0.421
Valle d'Aosta,2022,cura_servizi,0.634
Veneto,2022,cura_servizi,0.46
Abruzzo,2022,lavorare_rischio,-0.261
Basilicata,2022,lavorare_rischio,-0.364
Calabria,2022,lavorare_rischio,-1.807
Campania,2022,lavorare_rischio,-1.686
Emilia-Romagna,2022,lavorare_rischio,0.949
Friuli-Venezia Giulia,2022,lavorare_rischio,0.712
Lazio,2022,lavorare_rischio,-0.026
Liguria,2022,lavorare_rischio,0.427
Lombardia,2022,lavorare_rischio,0.754
Marche,2022,lavorare_rischio,0.465
Molise,2022,lavorare_rischio,-0.716
Piemonte,2022,lavorare_rischio,0.477
Puglia,2022,lavorare_rischio,-0.706
Sardegna,2022,lavorare_rischio,-0.787
Sicilia,2022,lavorare_rischio,-1.689
Toscana,2022,lavorare_rischio,0.631
Trentino-Alto Adige,2022,lavorare_rischio,1.424
Umbria,2022,lavorare_rischio,0.398
Valle d'Aosta,2022,lavorare_rischio,0.788
Veneto,2022,lavorare_rischio,1.017
Abruzzo,2022,lavorare_servizi,-0.889
Basilicata,2022,lavorare_servizi,-0.649
Calabria,2022,lavorare_servizi,-1.023
Campania,2022,lavorare_servizi,-0.958
Emilia-Romagna,2022,lavorare_servizi,2.063
Friuli-Venezia Giulia,2022,lavorare_servizi,0.569
Lazio,2022,lavorare_servizi,-0.823
Liguria,2022,lavorare_servizi,-0.136
Lombardia,2022,lavorare_servizi,0.801
Marche,2022,lavorare_servizi,-0.775
Molise,2022,lavorare_servizi,1.213
Piemonte,2022,lavorare_servizi,0.456
Puglia,2022,lavorare_servizi,-0.604
Sardegna,2022,lavorare_servizi,1.791
Sicilia,2022,lavorare_servizi,-0.482
Toscana,2022,lavorare_servizi,-0.303
Trentino-Alto Adige,2022,lavorare_servizi,-1.034
Umbria,2022,lavorare_servizi,-0.19
Valle d'Aosta,2022,lavorare_servizi,-0.767
Veneto,2022,lavorare_servizi,1.742
Abruzzo,2022,ricevere_cura_servizi,-0.537
Basilicata,2022,ricevere_cura_servizi,-0.337
Calabria,2022,ricevere_cura_servizi,-0.814
Campania,2022,ricevere_cura_servizi,-1.084
Emilia-Romagna,2022,ricevere_cura_servizi,0.538
Friuli-Venezia Giulia,2022,ricevere_cura_servizi,0.114
Lazio,2022,ricevere_cura_servizi,-0.643
Liguria,2022,ricevere_cura_servizi,1.116
Lombardia,2022,ricevere_cura_servizi,-0.37
Marche,2022,ricevere_cura_servizi,-0.032
Molise,2022,ricevere_cura_servizi,-0.192
Piemonte,2022,ricevere_cura_servizi,0.734
Puglia,2022,ricevere_cura_servizi,-0.67
Sardegna,2022,ricevere_cura_servizi,0.22
Sicilia,2022,ricevere_cura_servizi,-0.216
Toscana,2022,ricevere_cura_servizi,0.46
Trentino-Alto Adige,2022,ricevere_cura_servizi,0.055
Umbria,2022,ricevere_cura_servizi,0.689
Valle d'Aosta,2022,ricevere_cura_servizi,0.512
Veneto,2022,ricevere_cura_servizi,0.458
Abruzzo,2022,vita_sana_rischio,0.178
Basilicata,2022,vita_sana_rischio,-0.138
Calabria,2022,vita_sana_rischio,-0.137
Campania,2022,vita_sana_rischio,-0.384
Emilia-Romagna,2022,vita_sana_rischio,0.177
Friuli-Venezia Giulia,2022,vita_sana_rischio,0.6
Lazio,2022,vita_sana_rischio,0.371
Liguria,2022,vita_sana_rischio,0.228
Lombardia,2022,vita_sana_rischio,0.186
Marche,2022,vita_sana_rischio,-1.001
Molise,2022,vita_sana_rischio,0.573
Piemonte,2022,vita_sana_rischio,-0.366
Puglia,2022,vita_sana_rischio,0.01
Sardegna,2022,vita_sana_rischio,-0.424
Sicilia,2022,vita_sana_rischio,0.198
Toscana,2022,vita_sana_rischio,-0.156
Trentino-Alto Adige,2022,vita_sana_rischio,0.999
Umbria,2022,vita_sana_rischio,-0.769
Valle d'Aosta,2022,vita_sana_rischio,-0.479
Veneto,2022,vita_sana_rischio,0.334
Abruzzo,2022,vita_sana_servizi_bambini,0.68
Basilicata,2022,vita_sana_servizi_bambini,-0.336
Calabria,2022,vita_sana_servizi_bambini,-0.023
Campania,2022,vita_sana_servizi_bambini,-0.769
Emilia-Romagna,2022,vita_sana_servizi_bambini,0.353
Friuli-Venezia Giulia,2022,vita_sana_servizi_bambini,-0.925
Lazio,2022,vita_sana_servizi_bambini,0.384
Liguria,2022,vita_sana_servizi_bambini,-0.175
Lombardia,2022,vita_sana_servizi_bambini,-0.823
Marche,2022,vita_sana_servizi_bambini,-0.486
Molise,2022,vita_sana_servizi_bambini,-0.386
Piemonte,2022,vita_sana_servizi_bambini,-0.929
Puglia,2022,vita_sana_servizi_bambini,0.09
Sardegna,2022,vita_sana_servizi_bambini,1.298
Sicilia,2022,vita_sana_servizi_bambini,0.328
Toscana,2022,vita_sana_servizi_bambini,1.01
Trentino-Alto Adige,2022,vita_sana_servizi_bambini,-0.344
Umbria,2022,vita_sana_servizi_bambini,0.353
Valle d'Aosta,2022,vita_sana_servizi_bambini,1.265
Veneto,2022,vita_sana_servizi_bambini,-0.567
Abruzzo,2022,vita_sana_servizi_maltratt,10.0
Basilicata,2022,vita_sana_servizi_maltratt,14.0
Calabria,2022,vita_sana_servizi_maltratt,20.0
Campania,2022,vita_sana_servizi_maltratt,19.0
Emilia-Romagna,2022,vita_sana_servizi_maltratt,11.0
Friuli-Venezia Giulia,2022,vita_sana_servizi_maltratt,13.0
Lazio,2022,vita_sana_servizi_maltratt,17.0
Liguria,2022,vita_sana_servizi_maltratt,1.0
Lombardia,2022,vita_sana_servizi_maltratt,12.0
Marche,2022,vita_sana_servizi_maltratt,2.0
Molise,2022,vita_sana_servizi_maltratt,8.0
Piemonte,2022,vita_sana_servizi_maltratt,7.0
Puglia,2022,vita_sana_servizi_maltratt,15.0
Sardegna,2022,vita_sana_servizi_maltratt,16.0
Sicilia,2022,vita_sana_servizi_maltratt,18.0
Toscana,2022,vita_sana_servizi_maltratt,5.0
Trentino-Alto Adige,2022,vita_sana_servizi_maltratt,9.0
Umbria,2022,vita_sana_servizi_maltratt,4.0
Valle d'Aosta,2022,vita_sana_servizi_maltratt,3.0
Veneto,2022,vita_sana_servizi_maltratt,6.0
Abruzzo,2022,vita_sana_sintomi,-0.716
Basilicata,2022,vita_sana_sintomi,-0.523
Calabria,2022,vita_sana_sintomi,0.036
Campania,2022,vita_sana_sintomi,-0.671
Emilia-Romagna,2022,vita_sana_sintomi,0.351
Friuli-Venezia Giulia,2022,vita_sana_sintomi,0.632
Lazio,2022,vita_sana_sintomi,0.437
Liguria,2022,vita_sana_sintomi,0.144
Lombardia,2022,vita_sana_sintomi,0.208
Marche,2022,vita_sana_sintomi,0.86
Molise,2022,vita_sana_sintomi,-0.831
Piemonte,2022,vita_sana_sintomi,0.219
Puglia,2022,vita_sana_sintomi,-0.938
Sardegna,2022,vita_sana_sintomi,-0.749
Sicilia,2022,vita_sana_sintomi,-0.907
Toscana,2022,vita_sana_sintomi,0.599
Trentino-Alto Adige,2022,vita_sana_sintomi,0.811
Umbria,2022,vita_sana_sintomi,-0.014
Valle d'Aosta,2022,vita_sana_sintomi,0.808
Veneto,2022,vita_sana_sintomi,0.245
Abruzzo,2022,vita_sicura_rischio,-0.345
Basilicata,2022,vita_sicura_rischio,-0.335
Calabria,2022,vita_sicura_rischio,-0.454
Campania,2022,vita_sicura_rischio,-1.245
Emilia-Romagna,2022,vita_sicura_rischio,0.087
Friuli-Venezia Giulia,2022,vita_sicura_rischio,0.619
Lazio,2022,vita_sicura_rischio,-0.56
Liguria,2022,vita_sicura_rischio,0.324
Lombardia,2022,vita_sicura_rischio,0.101
Marche,2022,vita_sicura_rischio,-0.039
Molise,2022,vita_sicura_rischio,-0.37
Piemonte,2022,vita_sicura_rischio,0.171
Puglia,2022,vita_sicura_rischio,-1.286
Sardegna,2022,vita_sicura_rischio,0.243
Sicilia,2022,vita_sicura_rischio,-0.615
Toscana,2022,vita_sicura_rischio,0.013
Trentino-Alto Adige,2022,vita_sicura_rischio,1.339
Umbria,2022,vita_sicura_rischio,0.073
Valle d'Aosta,2022,vita_sicura_rischio,0.212
Veneto,2022,vita_sicura_rischio,-0.003
Abruzzo,2022,vita_sicura_servizi,-0.177
Basilicata,2022,vita_sicura_servizi,-0.876
Calabria,2022,vita_sicura_servizi,-0.42
Campania,2022,vita_sicura_servizi,0.029
Emilia-Romagna,2022,vita_sicura_servizi,0.968
Friuli-Venezia Giulia,2022,vita_sicura_servizi,0.308
Lazio,2022,vita_sicura_servizi,-0.971
Liguria,2022,vita_sicura_servizi,0.015
Lombardia,2022,vita_sicura_servizi,-0.352
Marche,2022,vita_sicura_servizi,1.047
Molise,2022,vita_sicura_servizi,-0.6
Piemonte,2022,vita_sicura_servizi,-0.994
Puglia,2022,vita_sicura_servizi,-0.676
Sardegna,2022,vita_sicura_servizi,0.45
Sicilia,2022,vita_sicura_servizi,0.168
Toscana,2022,vita_sicura_servizi,0.178
Trentino-Alto Adige,2022,vita_sicura_servizi,0.182
Umbria,2022,vita_sicura_servizi,0.696
Valle d'Aosta,2022,vita_sicura_servizi,0.83
Veneto,2022,vita_sicura_servizi,0.195
Abruzzo,2024,accedere_rischio,-0.149
Basilicata,2024,accedere_rischio,0.089
Calabria,2024,accedere_rischio,-0.895
Campania,2024,accedere_rischio,-1.375
Emilia-Romagna,2024,accedere_rischio,0.75
Friuli-Venezia Giulia,2024,accedere_rischio,0.327
Lazio,2024,accedere_rischio,-0.344
Liguria,2024,accedere_rischio,0.538
Lombardia,2024,accedere_rischio,0.43
Marche,2024,accedere_rischio,0.587
Molise,2024,accedere_rischio,-0.259
Piemonte,2024,accedere_rischio,-0.026
Puglia,2024,accedere_rischio,-0.662
Sardegna,2024,accedere_rischio,-0.705
Sicilia,2024,accedere_rischio,-1.231
Toscana,2024,accedere_rischio,0.55
Trentino-Alto Adige,2024,accedere_rischio,0.383
Umbria,2024,accedere_rischio,0.58
Valle d'Aosta,2024,accedere_rischio,0.726
Veneto,2024,accedere_rischio,0.689
Abruzzo,2024,accedere_servizi,-0.624
Basilicata,2024,accedere_servizi,-0.488
Calabria,2024,accedere_servizi,-0.483
Campania,2024,accedere_servizi,-0.532
Emilia-Romagna,2024,accedere_servizi,2.949
Friuli-Venezia Giulia,2024,accedere_servizi,0.347
Lazio,2024,accedere_servizi,-0.195
Liguria,2024,accedere_servizi,-0.41
Lombardia,2024,accedere_servizi,-0.308
Marche,2024,accedere_servizi,0.044
Molise,2024,accedere_servizi,-0.414
Piemonte,2024,accedere_servizi,-0.29
Puglia,2024,accedere_servizi,-0.507
Sardegna,2024,accedere_servizi,-0.192
Sicilia,2024,accedere_servizi,-0.571
Toscana,2024,accedere_servizi,0.101
Trentino-Alto Adige,2024,accedere_servizi,2.138
Umbria,2024,accedere_servizi,-0.334
Valle d'Aosta,2024,accedere_servizi,-0.429
Veneto,2024,accedere_servizi,0.199
Abruzzo,2024,conoscenza_rischio,0.334
Basilicata,2024,conoscenza_rischio,-0.126
Calabria,2024,conoscenza_rischio,-1.724
Campania,2024,conoscenza_rischio,-1.572
Emilia-Romagna,2024,conoscenza_rischio,1.168
Friuli-Venezia Giulia,2024,conoscenza_rischio,0.965
Lazio,2024,conoscenza_rischio,1.01
Liguria,2024,conoscenza_rischio,0.061
Lombardia,2024,conoscenza_rischio,0.643
Marche,2024,conoscenza_rischio,0.636
Molise,2024,conoscenza_rischio,0.074
Piemonte,2024,conoscenza_rischio,-0.182
Puglia,2024,conoscenza_rischio,-1.613
Sardegna,2024,conoscenza_rischio,-0.501
Sicilia,2024,conoscenza_rischio,-1.863
Toscana,2024,conoscenza_rischio,0.307
Trentino-Alto Adige,2024,conoscenza_rischio,0.742
Umbria,2024,conoscenza_rischio,0.349
Valle d'Aosta,2024,conoscenza_rischio,0.842
Veneto,2024,conoscenza_rischio,0.451
Abruzzo,2024,conoscenza_servizi,0.965
Basilicata,2024,conoscenza_servizi,0.948
Calabria,2024,conoscenza_servizi,0.269
Campania,2024,conoscenza_servizi,-1.122
Emilia-Romagna,2024,conoscenza_servizi,-0.751
Friuli-Venezia Giulia,2024,conoscenza_servizi,-0.086
Lazio,2024,conoscenza_servizi,0.638
Liguria,2024,conoscenza_servizi,-0.24
Lombardia,2024,conoscenza_servizi,-1.153
Marche,2024,conoscenza_servizi,0.783
Molise,2024,conoscenza_servizi,1.066
Piemonte,2024,conoscenza_servizi,-0.662
Puglia,2024,conoscenza_servizi,-1.797
Sardegna,2024,conoscenza_servizi,0.967
Sicilia,2024,conoscenza_servizi,-1.584
Toscana,2024,conoscenza_servizi,1.4
Trentino-Alto Adige,2024,conoscenza_servizi,1.429
Umbria,2024,conoscenza_servizi,-0.252
Valle d'Aosta,2024,conoscenza_servizi,0.369
Veneto,2024,conoscenza_servizi,-1.189
Abruzzo,2024,cura_rischio,-0.556
Basilicata,2024,cura_rischio,0.022
Calabria,2024,cura_rischio,-0.486
Campania,2024,cura_rischio,-1.823
Emilia-Romagna,2024,cura_rischio,0.394
Friuli-Venezia Giulia,2024,cura_rischio,0.43
Lazio,2024,cura_rischio,-0.224
Liguria,2024,cura_rischio,0.415
Lombardia,2024,cura_rischio,0.642
Marche,2024,cura_rischio,0.044
Molise,2024,cura_rischio,-0.238
Piemonte,2024,cura_rischio,0.513
Puglia,2024,cura_rischio,-0.845
Sardegna,2024,cura_rischio,0.166
Sicilia,2024,cura_rischio,-1.266
Toscana,2024,cura_rischio,0.188
Trentino-Alto Adige,2024,cura_rischio,0.895
Umbria,2024,cura_rischio,0.273
Valle d'Aosta,2024,cura_rischio,0.191
Veneto,2024,cura_rischio,0.426
Abruzzo,2024,cura_servizi,0.048
Basilicata,2024,cura_servizi,0.181
Calabria,2024,cura_servizi,-0.739
Campania,2024,cura_servizi,-1.018
Emilia-Romagna,2024,cura_servizi,1.696
Friuli-Venezia Giulia,2024,cura_servizi,-0.142
Lazio,2024,cura_servizi,-0.208
Liguria,2024,cura_servizi,0.077
Lombardia,2024,cura_servizi,0.115
Marche,2024,cura_servizi,-0.477
Molise,2024,cura_servizi,-0.84
Piemonte,2024,cura_servizi,0.081
Puglia,2024,cura_servizi,0.049
Sardegna,2024,cura_servizi,0.362
Sicilia,2024,cura_servizi,-0.123
Toscana,2024,cura_servizi,-0.036
Trentino-Alto Adige,2024,cura_servizi,-0.086
Umbria,2024,cura_servizi,0.484
Valle d'Aosta,2024,cura_servizi,0.445
Veneto,2024,cura_servizi,0.364
Abruzzo,2024,lavorare_rischio,-0.055
Basilicata,2024,lavorare_rischio,-0.283
Calabria,2024,lavorare_rischio,-1.582
Campania,2024,lavorare_rischio,-1.737
Emilia-Romagna,2024,lavorare_rischio,0.685
Friuli-Venezia Giulia,2024,lavorare_rischio,0.71
Lazio,2024,lavorare_rischio,-0.146
Liguria,2024,lavorare_rischio,0.395
Lombardia,2024,lavorare_rischio,0.711
Marche,2024,lavorare_rischio,0.544
Molise,2024,lavorare_rischio,-0.529
Piemonte,2024,lavorare_rischio,0.377
Puglia,2024,lavorare_rischio,-0.86
Sardegna,2024,lavorare_rischio,-0.747
Sicilia,2024,lavorare_rischio,-1.941
Toscana,2024,lavorare_rischio,0.634
Trentino-Alto Adige,2024,lavorare_rischio,1.441
Umbria,2024,lavorare_rischio,0.586
Valle d'Aosta,2024,lavorare_rischio,0.892
Veneto,2024,lavorare_rischio,0.905
Abruzzo,2024,lavorare_servizi,-0.424
Basilicata,2024,lavorare_servizi,-0.516
Calabria,2024,lavorare_servizi,-0.639
Campania,2024,lavorare_servizi,-0.595
Emilia-Romagna,2024,lavorare_servizi,0.08
Friuli-Venezia Giulia,2024,lavorare_servizi,1.112
Lazio,2024,lavorare_servizi,-0.508
Liguria,2024,lavorare_servizi,0.235
Lombardia,2024,lavorare_servizi,0.086
Marche,2024,lavorare_servizi,-0.155
Molise,2024,lavorare_servizi,-0.315
Piemonte,2024,lavorare_servizi,0.032
Puglia,2024,lavorare_servizi,-0.407
Sardegna,2024,lavorare_servizi,-0.37
Sicilia,2024,lavorare_servizi,-0.346
Toscana,2024,lavorare_servizi,-0.197
Trentino-Alto Adige,2024,lavorare_servizi,-0.445
Umbria,2024,lavorare_servizi,-0.579
Valle d'Aosta,2024,lavorare_servizi,0.0
Veneto,2024,lavorare_servizi,3.949
Abruzzo,2024,ricevere_cura_servizi,-0.546
Basilicata,2024,ricevere_cura_servizi,0.209
Calabria,2024,ricevere_cura_servizi,-0.679
Campania,2024,ricevere_cura_servizi,-0.855
Emilia-Romagna,2024,ricevere_cura_servizi,0.744
Friuli-Venezia Giulia,2024,ricevere_cura_servizi,0.005
Lazio,2024,ricevere_cura_servizi,-0.662
Liguria,2024,ricevere_cura_servizi,0.705
Lombardia,2024,ricevere_cura_servizi,-0.42
Marche,2024,ricevere_cura_servizi,0.022
Molise,2024,ricevere_cura_servizi,-0.014
Piemonte,2024,ricevere_cura_servizi,0.713
Puglia,2024,ricevere_cura_servizi,-0.516
Sardegna,2024,ricevere_cura_servizi,0.264
Sicilia,2024,ricevere_cura_servizi,-0.268
Toscana,2024,ricevere_cura_servizi,0.317
Trentino-Alto Adige,2024,ricevere_cura_servizi,-0.292
Umbria,2024,ricevere_cura_servizi,0.943
Valle d'Aosta,2024,ricevere_cura_servizi,0.333
Veneto,2024,ricevere_cura_servizi,-0.002
Abruzzo,2024,vita_sana_rischio,0.131
Basilicata,2024,vita_sana_rischio,0.014
Calabria,2024,vita_sana_rischio,0.106
Campania,2024,vita_sana_rischio,-0.285
Emilia-Romagna,2024,vita_sana_rischio,0.151
Friuli-Venezia Giulia,2024,vita_sana_rischio,-0.086
Lazio,2024,vita_sana_rischio,0.578
Liguria,2024,vita_sana_rischio,-0.131
Lombardia,2024,vita_sana_rischio,0.381
Marche,2024,vita_sana_rischio,-1.311
Molise,2024,vita_sana_rischio,0.63
Piemonte,2024,vita_sana_rischio,-0.558
Puglia,2024,vita_sana_rischio,0.156
Sardegna,2024,vita_sana_rischio,-0.146
Sicilia,2024,vita_sana_rischio,0.197
Toscana,2024,vita_sana_rischio,-0.257
Trentino-Alto Adige,2024,vita_sana_rischio,1.194
Umbria,2024,vita_sana_rischio,-0.083
Valle d'Aosta,2024,vita_sana_rischio,-0.807
Veneto,2024,vita_sana_rischio,0.125
Abruzzo,2024,vita_sana_servizi_bambini,-0.049
Basilicata,2024,vita_sana_servizi_bambini,-0.145
Calabria,2024,vita_sana_servizi_bambini,-0.868
Campania,2024,vita_sana_servizi_bambini,-0.584
Emilia-Romagna,2024,vita_sana_servizi_bambini,0.802
Friuli-Venezia Giulia,2024,vita_sana_servizi_bambini,-0.908
Lazio,2024,vita_sana_servizi_bambini,0.204
Liguria,2024,vita_sana_servizi_bambini,0.079
Lombardia,2024,vita_sana_servizi_bambini,-0.941
Marche,2024,vita_sana_servizi_bambini,-0.159
Molise,2024,vita_sana_servizi_bambini,0.006
Piemonte,2024,vita_sana_servizi_bambini,-1.055
Puglia,2024,vita_sana_servizi_bambini,0.513
Sardegna,2024,vita_sana_servizi_bambini,1.003
Sicilia,2024,vita_sana_servizi_bambini,0.01
Toscana,2024,vita_sana_servizi_bambini,1.467
Trentino-Alto Adige,2024,vita_sana_servizi_bambini,-0.538
Umbria,2024,vita_sana_servizi_bambini,0.482
Valle d'Aosta,2024,vita_sana_servizi_bambini,1.013
Veneto,2024,vita_sana_servizi_bambini,-0.333
Abruzzo,2024,vita_sana_servizi_maltratt,-0.321
Basilicata,2024,vita_sana_servizi_maltratt,-0.15
Calabria,2024,vita_sana_servizi_maltratt,-0.812
Campania,2024,vita_sana_servizi_maltratt,-1.19
Emilia-Romagna,2024,vita_sana_servizi_maltratt,-0.018
Friuli-Venezia Giulia,2024,vita_sana_servizi_maltratt,-0.66
Lazio,2024,vita_sana_servizi_maltratt,-0.521
Liguria,2024,vita_sana_servizi_maltratt,1.267
Lombardia,2024,vita_sana_servizi_maltratt,-0.03
Marche,2024,vita_sana_servizi_maltratt,0.682
Molise,2024,vita_sana_servizi_maltratt,-0.036
Piemonte,2024,vita_sana_servizi_maltratt,0.443
Puglia,2024,vita_sana_servizi_maltratt,-0.388
Sardegna,2024,vita_sana_servizi_maltratt,-0.267
Sicilia,2024,vita_sana_servizi_maltratt,-0.707
Toscana,2024,vita_sana_servizi_maltratt,0.413
Trentino-Alto Adige,2024,vita_sana_servizi_maltratt,0.085
Umbria,2024,vita_sana_servizi_maltratt,0.331
Valle d'Aosta,2024,vita_sana_servizi_maltratt,1.105
Veneto,2024,vita_sana_servizi_maltratt,0.774
Abruzzo,2024,vita_sana_sintomi,-0.593
Basilicata,2024,vita_sana_sintomi,-0.623
Calabria,2024,vita_sana_sintomi,0.047
Campania,2024,vita_sana_sintomi,-0.462
Emilia-Romagna,2024,vita_sana_sintomi,0.444
Friuli-Venezia Giulia,2024,vita_sana_sintomi,0.965
Lazio,2024,vita_sana_sintomi,0.421
Liguria,2024,vita_sana_sintomi,0.02
Lombardia,2024,vita_sana_sintomi,0.311
Marche,2024,vita_sana_sintomi,0.592
Molise,2024,vita_sana_sintomi,-0.852
Piemonte,2024,vita_sana_sintomi,0.34
Puglia,2024,vita_sana_sintomi,-0.931
Sardegna,2024,vita_sana_sintomi,-0.661
Sicilia,2024,vita_sana_sintomi,-1.207
Toscana,2024,vita_sana_sintomi,0.638
Trentino-Alto Adige,2024,vita_sana_sintomi,0.885
Umbria,2024,vita_sana_sintomi,-0.001
Valle d'Aosta,2024,vita_sana_sintomi,0.455
Veneto,2024,vita_sana_sintomi,0.21
Abruzzo,2024,vita_sicura_rischio,-0.311
Basilicata,2024,vita_sicura_rischio,-0.248
Calabria,2024,vita_sicura_rischio,-0.038
Campania,2024,vita_sicura_rischio,-1.398
Emilia-Romagna,2024,vita_sicura_rischio,0.185
Friuli-Venezia Giulia,2024,vita_sicura_rischio,0.808
Lazio,2024,vita_sicura_rischio,-0.494
Liguria,2024,vita_sicura_rischio,0.441
Lombardia,2024,vita_sicura_rischio,0.2
Marche,2024,vita_sicura_rischio,0.068
Molise,2024,vita_sicura_rischio,-0.473
Piemonte,2024,vita_sicura_rischio,0.317
Puglia,2024,vita_sicura_rischio,-0.933
Sardegna,2024,vita_sicura_rischio,0.184
Sicilia,2024,vita_sicura_rischio,-0.327
Toscana,2024,vita_sicura_rischio,0.047
Trentino-Alto Adige,2024,vita_sicura_rischio,1.333
Umbria,2024,vita_sicura_rischio,0.446
Valle d'Aosta,2024,vita_sicura_rischio,-0.1
Veneto,2024,vita_sicura_rischio,0.293
Abruzzo,2024,vita_sicura_servizi,0.242
Basilicata,2024,vita_sicura_servizi,-0.678
Calabria,2024,vita_sicura_servizi,0.574
Campania,2024,vita_sicura_servizi,-0.624
Emilia-Romagna,2024,vita_sicura_servizi,0.714
Friuli-Venezia Giulia,2024,vita_sicura_servizi,0.262
Lazio,2024,vita_sicura_servizi,-1.176
Liguria,2024,vita_sicura_servizi,-0.204
Lombardia,2024,vita_sicura_servizi,0.613
Marche,2024,vita_sicura_servizi,0.311
Molise,2024,vita_sicura_servizi,0.192
Piemonte,2024,vita_sicura_servizi,-0.874
Puglia,2024,vita_sicura_servizi,-0.312
Sardegna,2024,vita_sicura_servizi,0.148
Sicilia,2024,vita_sicura_servizi,-0.556
Toscana,2024,vita_sicura_servizi,-0.234
Trentino-Alto Adige,2024,vita_sicura_servizi,-0.445
Umbria,2024,vita_sicura_servizi,1.574
Valle d'Aosta,2024,vita_sicura_servizi,0.298
Veneto,2024,vita_sicura_servizi,0.176
